compound,tyre_age,lgb_deg,xgb_deg,cat_deg,ens_deg
SOFT,1,0.0,0.0,0.0,0.0
SOFT,5,0.1494301010967547,-1.8986434936523438,0.23375559236575327,-0.5035077846602576
SOFT,10,2.820839509482923,-0.14214324951171875,3.86490664767976,2.198388334922953
SOFT,15,3.206854247971819,0.39855194091796875,4.103622531089258,2.584476148450392
SOFT,20,4.03049122398167,0.80841064453125,4.701798851635445,3.191471466297571
SOFT,30,4.875564766098876,1.934417724609375,4.996564942023014,3.9378763168365083
SOFT,40,4.875564766098876,1.7298507690429688,4.997867801330031,3.870171568053564
SOFT,1,0.0,0.0,0.0,0.0
SOFT,5,2.7594766811035925,2.4934616088867188,0.7969920186729951,1.9851651542585103
SOFT,10,3.5715276782884473,2.937408447265625,0.9300574911156332,2.4373344920409323
SOFT,15,3.539433802266288,2.1600799560546875,1.2230996782651005,2.2705349511351898
SOFT,20,3.680090593835672,2.468841552734375,1.8447438799238824,2.6352562573783302
SOFT,30,3.9610840701661374,2.4646377563476562,1.999660622898503,2.777174168873529
SOFT,40,3.9610840701661374,2.2147674560546875,1.9993327196686295,2.6938049571675293
SOFT,1,0.0,0.0,0.0,0.0
SOFT,5,-0.5132067720888074,-0.16713714599609375,0.7371595424265109,0.03896937881140161
SOFT,10,1.4620281289857218,0.476806640625,2.098443748911606,1.3561196605456445
SOFT,15,1.5654061682765814,0.7120819091796875,2.570671884016889,1.632318214521149
SOFT,20,1.5850150093705224,0.7843551635742188,2.72901929574293,1.7179486145750218
SOFT,30,2.2729441203460823,0.9463119506835938,2.86456812494184,2.037630677833846
SOFT,40,2.2729441203460823,0.8362350463867188,2.8658709842488577,2.001409205141073
SOFT,1,0.0,0.0,0.0,0.0
SOFT,5,1.6834036101083143,-0.28200531005859375,0.8898340990472491,0.7512788850441297
SOFT,10,2.457949236382291,-2.1290283203125,2.7576190845865938,1.0343100085443808
SOFT,15,1.9256974621369807,-2.2636032104492188,2.7876703419753,0.8310252751000888
SOFT,20,1.9178855183483137,-2.36932373046875,2.6414585451137924,0.7422351500312345
SOFT,30,2.882896213105937,-1.9296493530273438,2.793330563453935,1.248103660363853
SOFT,40,2.882896213105937,-2.170806884765625,2.7944811873892093,1.1681540549674168
SOFT,1,0.0,0.0,0.0,0.0
SOFT,5,4.7997031005112945,5.804473876953125,0.7611552564209347,3.7234454640374537
SOFT,10,8.91946263305337,8.693870544433594,2.5754524511406487,6.627747186193972
SOFT,15,9.524435380130697,9.616920471191406,2.769569165129809,7.195150476252138
SOFT,20,10.234545504157197,10.320541381835938,2.516536712054318,7.566583578593907
SOFT,30,10.683936160112324,11.773574829101562,2.33587983859492,8.130245486997651
SOFT,40,10.683936160112324,11.633041381835938,2.3357045210217535,8.08335969091057
SOFT,1,0.0,0.0,0.0,0.0
SOFT,5,-0.06382238347983105,-0.5320510864257812,0.8929761468665447,0.11446612999061756
SOFT,10,1.5612772768147636,1.9073257446289062,3.513609947274716,2.3587082151714185
SOFT,15,1.3938702352596124,1.8405303955078125,3.3845207359078273,2.2382120937370473
SOFT,20,2.0881034778756487,1.561248779296875,4.178721771270858,2.6430065254794215
SOFT,30,2.542548943516536,2.0522537231445312,4.386862765347459,3.0235763410992718
SOFT,40,2.542548943516536,1.8179779052734375,4.388013389282747,2.945919663844421
SOFT,1,0.0,0.0,0.0,0.0
SOFT,5,4.583132282947943,2.0985794067382812,2.285227847398147,2.95242977379705
SOFT,10,4.232566657727716,-0.224273681640625,2.3894378426158625,2.103610079948652
SOFT,15,2.272848093323205,-0.49802398681640625,1.3621680764201045,1.0314323975133135
SOFT,20,2.3437189495542157,-0.3843231201171875,2.2283030115977738,1.3944332160351678
SOFT,30,2.802348769867791,0.14061737060546875,1.5660135672836333,1.4835163085028995
SOFT,40,2.802348769867791,-0.0893096923828125,1.5671641912189074,1.4073085991423966
SOFT,1,0.0,0.0,0.0,0.0
SOFT,5,2.4999449446976314,1.085540771484375,1.193379757955384,1.5721734003834769
SOFT,10,3.4386583032005547,3.4985504150390625,3.602234551058615,3.5157661695960343
SOFT,15,3.6977382868006003,3.6888656616210938,3.841928977582839,3.745161161732696
SOFT,20,3.8368102071984964,4.1786346435546875,4.23187066284936,4.088734375243092
SOFT,30,3.916162545601395,4.686866760253906,3.9925547043386445,4.199645444952665
SOFT,40,3.916162545601395,4.627593994140625,3.9937053282739328,4.180298286224769
SOFT,1,0.0,0.0,0.0,0.0
SOFT,5,0.5971186639483506,-0.08754730224609375,-0.11195674483494145,0.1212481383609969
SOFT,10,0.37643618490874076,0.2948760986328125,0.594750393996307,0.42553842753859783
SOFT,15,0.39069449332141915,0.46538543701171875,0.7695717699018445,0.5479577860071885
SOFT,20,1.113643474557776,0.43660736083984375,0.42648731130030626,0.6479735722696063
SOFT,30,1.6697755541478756,0.7496719360351562,0.7873400568854549,1.0548884898424689
SOFT,40,1.6697755541478756,0.64251708984375,0.788490680820729,1.0195874319832257
SOFT,1,0.0,0.0,0.0,0.0
SOFT,5,0.9857929543598516,0.7649688720703125,-0.37458795250914534,0.43690926392098106
SOFT,10,3.8529366143799564,3.2477569580078125,3.5364573152893684,3.5407204149331477
SOFT,15,3.6057048372588127,3.3568954467773438,5.799542075052486,4.2893141344285795
SOFT,20,4.598025142283703,3.3575286865234375,6.826889636660141,4.963451063401564
SOFT,30,5.040369410016453,3.7607269287109375,7.106922345621072,5.336041756055195
SOFT,40,5.040369410016453,3.5884780883789062,7.1080729695563605,5.279051936661716
SOFT,1,0.0,0.0,0.0,0.0
SOFT,5,1.5893883643104516,-0.2150421142578125,0.3105347424369427,0.5413456095156164
SOFT,10,3.162620536188257,0.7256546020507812,2.372682157531642,2.0746457421100786
SOFT,15,3.084295466678469,0.7953567504882812,2.7825660488713027,2.2162186633913734
SOFT,20,3.765832677082173,0.9419326782226562,2.76415565452929,2.474954854051788
SOFT,30,4.999370686115157,1.2068710327148438,3.9524287083758196,3.3699485114813683
SOFT,40,4.999370686115157,1.0188827514648438,3.952253390802653,3.307251171003415
SOFT,1,0.0,0.0,0.0,0.0
SOFT,5,1.1175716915277718,0.592926025390625,0.9173713705049096,0.8728157404402879
SOFT,10,1.3742810608655418,1.5689468383789062,2.48581686986536,1.82750439697935
SOFT,15,1.1699097791845787,1.7352294921875,2.51835985901738,1.8294079218611898
SOFT,20,1.3579097300663392,1.7821426391601562,2.454854993248958,1.8825250404760112
SOFT,30,2.6312367643146644,1.9843826293945312,2.543845728895036,2.385176725249039
SOFT,40,2.6312367643146644,1.8921890258789062,2.5449963528303243,2.354860625356096
SOFT,1,0.0,0.0,0.0,0.0
SOFT,5,4.077389884690277,2.8455963134765625,0.15952001136949434,2.2980921440428403
SOFT,10,2.7236040558346843,3.0599136352539062,0.6361888973781049,2.106332157496837
SOFT,15,2.5489928450935935,2.334991455078125,0.9124143928953856,1.905881043946522
SOFT,20,2.6648607130761235,2.4307632446289062,1.0720610705634215,2.0303490619816387
SOFT,30,3.070732292473025,2.895782470703125,1.168846292470434,2.3479356505058604
SOFT,40,3.070732292473025,2.7291259765625,1.1697453244321707,2.292721248614413
SOFT,1,0.0,0.0,0.0,0.0
SOFT,5,3.993175451977436,1.897613525390625,0.7329203110844134,2.1558431996015486
SOFT,10,3.760097911278635,4.009483337402344,3.032335438078178,3.588916190893002
SOFT,15,3.689670864236973,4.926383972167969,1.2509931995904253,3.249677198825566
SOFT,20,3.7461982823378293,4.498817443847656,0.9125477923940366,3.0069080835885273
SOFT,30,4.265288826313736,5.39642333984375,0.5730365767615098,3.3521276168826972
SOFT,40,4.265288826313736,5.222801208496094,0.5741872006967981,3.2946802286804626
SOFT,1,0.0,0.0,0.0,0.0
SOFT,5,-0.23157388616968433,0.0045623779296875,0.13005503493189963,-0.026544842412519642
SOFT,10,0.6612266855719184,1.376556396484375,1.9040615645867547,1.3338057075585397
SOFT,15,0.7369193087176598,1.4248809814453125,2.160167576790954,1.4634146344334766
SOFT,20,0.9587279410913538,1.205810546875,2.030346124036768,1.41546919319552
SOFT,30,1.5034979974280134,1.2988662719726562,2.2637961446781247,1.7009589908561509
SOFT,40,1.5034979974280134,1.1977615356445312,2.264946768613399,1.6676737778042678
SOFT,1,0.0,0.0,0.0,0.0
SOFT,5,2.0430709404313205,2.0998001098632812,4.2115592863501945,2.8196263550735523
SOFT,10,1.670590715736111,0.78472900390625,2.09226192033438,1.522757968521148
SOFT,15,-1.2623812726279482,-2.184295654296875,0.21504229213390147,-1.053354418243842
SOFT,20,-1.848080120014913,-3.3138656616210938,0.6310376607119963,-1.4702819517084436
SOFT,30,-0.8842725687430715,-2.7128753662109375,0.4965092477827113,-1.0111124416289243
SOFT,40,-0.8842725687430715,-2.922637939453125,0.4976598717179854,-1.0806015156477997
SOFT,1,0.0,0.0,0.0,0.0
SOFT,5,0.6147406922351308,1.1466217041015625,-0.6955246208880368,0.3341619114259373
SOFT,10,1.7241128329127235,1.2956390380859375,1.0773452847507343,1.3553732496605164
SOFT,15,1.9149335089441166,1.8637542724609375,1.2291808034744207,1.6582841175086571
SOFT,20,1.9411435060819429,1.9385833740234375,1.064039654045331,1.633836912912301
SOFT,30,2.060705779080209,1.9469070434570312,1.8889483935943332,1.962778258375323
SOFT,40,2.060705779080209,1.8085784912109375,1.8889965466979817,1.9167051934278163
SOFT,1,0.0,0.0,0.0,0.0
SOFT,5,-0.6460313995337685,-1.599090576171875,-0.2233808059250748,-0.8159115754455684
SOFT,10,0.40691799539835927,0.4714813232421875,4.813750342043505,1.9681444731978956
SOFT,15,0.27494025036544656,1.6626205444335938,4.905083241813159,2.3550410558762422
SOFT,20,1.0941093337130923,2.0701904296875,5.643156281520987,3.0087344543615018
SOFT,30,2.1967797068069785,2.9539871215820312,5.727292207146817,3.6826096108800357
SOFT,40,2.1967797068069785,2.7919464111328125,5.728442831082106,3.629021052964845
SOFT,1,0.0,0.0,0.0,0.0
SOFT,5,1.410600912294413,1.8849411010742188,-0.13527289427148048,1.0285301621364908
SOFT,10,2.456184360579172,2.8793792724609375,0.43732581201663834,1.8918150820423278
SOFT,15,2.485216438318446,2.0210647583007812,0.5976398732163375,1.6710598236339678
SOFT,20,2.4294472997847407,1.7826385498046875,0.8124216906099946,1.648959410151349
SOFT,30,3.5300918205644933,2.6368331909179688,0.9520951319737065,2.3317327748870866
SOFT,40,3.5300918205644933,2.430084228515625,0.9529941639354433,2.263159905829397
SOFT,1,0.0,0.0,0.0,0.0
SOFT,5,1.8958418814554818,1.4938201904296875,-2.134841983445824,0.3536006553068063
SOFT,10,0.8572748512215895,2.282135009765625,-2.252757150933391,0.24540394715303648
SOFT,15,0.17033991303779317,1.9486312866210938,-2.0030641453720506,0.0034801190070368193
SOFT,20,0.09124643831117396,1.8839035034179688,-2.8618311474117917,-0.3432389767157389
SOFT,30,-0.01876155514560196,2.0615005493164062,-2.215521543376042,-0.09316767563478834
SOFT,40,-0.01876155514560196,2.0574493408203125,-2.2154733902723933,-0.09450067928337091
SOFT,1,0.0,0.0,0.0,0.0
SOFT,5,1.477394059897648,-0.14435577392578125,0.6776838069033886,0.6576280704304622
SOFT,10,1.9678109862593942,-0.0559539794921875,3.3266551070430808,1.7682798816688887
SOFT,15,2.194430049547009,-0.38736724853515625,3.698073434513418,1.8595591382226218
SOFT,20,2.143843460352201,-0.30767059326171875,4.131717642506814,2.021568458902621
SOFT,30,2.238376506681462,0.417877197265625,4.15877077387114,2.3027732337698694
SOFT,40,2.238376506681462,0.15338897705078125,4.158818926974789,2.2146648475929
SOFT,1,0.0,0.0,0.0,0.0
SOFT,5,0.24976321562192538,1.078948974609375,0.8211647287688351,0.7256842610383814
SOFT,10,1.5509792292983207,2.531707763671875,3.39579224471332,2.522313562074217
SOFT,15,1.1876888066651787,2.72589111328125,3.8224304037714916,2.620763813784478
SOFT,20,1.3568647903879167,2.7716445922851562,3.9529626678003495,2.735314646656178
SOFT,30,2.387158002856907,3.7975540161132812,4.410152502569659,3.5639091496947373
SOFT,40,2.387158002856907,3.5631790161132812,4.411051534531396,3.4861315214345865
SOFT,1,0.0,0.0,0.0,0.0
SOFT,5,3.5725802211261595,5.4321746826171875,0.21684837057964046,3.019713360448904
SOFT,10,5.744800579207933,5.33184814453125,2.6745669231496407,4.534491500708299
SOFT,15,5.904708575040459,5.451347351074219,2.9761709683288444,4.730443182382729
SOFT,20,6.99002268097756,6.135383605957031,2.671641735533882,5.196453991989287
SOFT,30,7.9081320362219145,8.298301696777344,2.662606384287585,6.205385477879545
SOFT,40,7.9081320362219145,8.247940063476562,2.6624310667144044,6.18854415818403
SOFT,1,0.0,0.0,0.0,0.0
SOFT,5,1.0776565224986427,-0.1898193359375,0.08466595683529476,0.30840088106069175
SOFT,10,2.7691646419750526,0.5164718627929688,2.5702430972716996,1.9490849827531491
SOFT,15,2.600784079422894,1.1860809326171875,3.288291922023234,2.369627243043709
SOFT,20,2.5860083578733963,0.970458984375,3.5090813737685664,2.3702360023433755
SOFT,30,2.3684209605655155,1.2586212158203125,3.5719280148340715,2.419141623874964
SOFT,40,2.3684209605655155,1.1375350952148438,3.571600111604212,2.378682198232923
SOFT,1,0.0,0.0,0.0,0.0
SOFT,5,1.7409893238953629,1.7496795654296875,0.2225484610360553,1.2133528650765584
SOFT,10,3.783306762058359,3.462371826171875,1.8097257685314645,2.9868194310777625
SOFT,15,4.153598744484057,4.643440246582031,2.25980999833601,3.6551340003314436
SOFT,20,4.467613041745395,4.5833740234375,2.519414690049288,3.8254975584087134
SOFT,30,4.991175937009643,5.826042175292969,3.5798782985226154,4.776249294610864
SOFT,40,4.991175937009643,5.631324768066406,3.579702980949449,4.7113098669700975
SOFT,1,0.0,0.0,0.0,0.0
SOFT,5,2.4828831606805437,2.6109619140625,0.877898371446932,1.9647881259969893
SOFT,10,3.9606529263874677,3.0384063720703125,2.558384656874196,3.163426139852632
SOFT,15,4.474792681381388,3.6821823120117188,2.7794065998277517,3.618346372742792
SOFT,20,4.618426798096351,3.8161392211914062,3.368406510146002,3.9143636310888184
SOFT,30,4.89088105648473,4.061439514160156,3.7818060675046183,4.227015662537028
SOFT,40,4.89088105648473,3.8855514526367188,3.783108926811636,4.168866475709905
SOFT,1,0.0,0.0,0.0,0.0
SOFT,5,-0.5691133869032257,-0.09423828125,-1.197082607001704,-0.6302968543230207
SOFT,10,-1.0598249900394023,-4.009223937988281,1.4382847026979846,-1.1697184733502866
SOFT,15,-1.7954049546593325,-4.840293884277344,1.30866857581114,-1.7253956127610053
SOFT,20,-1.5956773231219898,-4.742218017578125,1.1442733358470605,-1.6867593090074422
SOFT,30,-1.3492873759341535,-4.332183837890625,1.5364018486742452,-1.3349245309494506
SOFT,40,-1.3492873759341535,-4.60894775390625,1.5413112669388198,-1.4254245838829576
SOFT,1,0.0,0.0,0.0,0.0
SOFT,5,5.797570646085475,-0.1099395751953125,3.0023459649803073,2.852608051379775
SOFT,10,7.513009016766702,6.488960266113281,2.3051138738422168,5.352204812569099
SOFT,15,7.387949527931198,6.0359649658203125,2.2496382603302862,5.142192008863361
SOFT,20,7.448645251930799,6.221412658691406,2.25158531309269,5.223927670903578
SOFT,30,8.384438371451822,7.07220458984375,1.8707223550937044,5.671369256369957
SOFT,40,8.384438371451822,6.8381500244140625,1.8718729790289927,5.593786298534283
SOFT,1,0.0,0.0,0.0,0.0
SOFT,5,-0.3938156749668593,-0.7312088012695312,0.7731230004976197,-0.09851245975535505
SOFT,10,1.0117563708476496,0.40470123291015625,2.2853417848883737,1.2544720918374423
SOFT,15,0.9770690653213592,1.025054931640625,2.54771746481849,1.541830444033181
SOFT,20,1.5246484799707218,1.348846435546875,2.460465344801989,1.7930402141215467
SOFT,30,1.54472251682445,1.4947967529296875,2.6660011663001484,1.919854121638437
SOFT,40,1.54472251682445,1.356597900390625,2.6671517902354367,1.8742094666527436
SOFT,1,0.0,0.0,0.0,0.0
SOFT,5,-6.5299154438570355,-3.153900146484375,1.9068719941247139,-2.457305108776737
SOFT,10,-8.066771104472835,-4.173576354980469,-4.774116807812106,-5.619162961576251
SOFT,15,-10.157564091200015,-5.3355560302734375,-6.243619917847326,-7.183409231265443
SOFT,20,-10.19642903431226,-5.3676605224609375,-6.522239233736116,-7.3037900492351895
SOFT,30,-9.998212469329943,-5.062095642089844,-6.4541812468323485,-7.115282386242697
SOFT,40,-9.998212469329943,-5.2047119140625,-6.45303062289706,-7.162398887563171
SOFT,1,0.0,0.0,0.0,0.0
SOFT,5,2.693612602156648,1.51226806640625,1.3791109480074084,1.8407215908297871
SOFT,10,3.9698479096876866,1.9111175537109375,2.9032160324999694,2.9112233161938974
SOFT,15,3.8432212691985512,1.9603118896484375,3.079926252715339,2.9491623685473343
SOFT,20,3.8275090119761757,1.9797134399414062,3.0311907556514086,2.933611656339181
SOFT,30,3.749731463425377,2.671356201171875,3.318767724643422,3.239850525521774
SOFT,40,3.749731463425377,2.5039825439453125,3.3199183485787103,3.1844850753993086
SOFT,1,0.0,0.0,0.0,0.0
SOFT,5,0.5868486665535357,0.7606658935546875,-0.37418912159813544,0.30898360472465924
SOFT,10,2.4749009857506223,0.9723968505859375,1.4960264111329309,1.6322679572933083
SOFT,15,2.1197759743892846,1.499481201171875,1.5198414685186066,1.7034864009902293
SOFT,20,2.0258417709969194,1.7388992309570312,1.4010720259294942,1.711945059305549
SOFT,30,2.0130040408225796,1.9758758544921875,2.436636937463419,2.1486474383727057
SOFT,40,2.0130040408225796,1.8662338256835938,2.4366850905670674,2.1121324774299524
SOFT,1,0.0,0.0,0.0,0.0
SOFT,5,0.6567191198545146,0.629913330078125,0.738246976958564,0.6762728886592981
SOFT,10,2.728909798561361,3.244781494140625,3.5351735959759196,3.182496420334431
SOFT,15,2.981981417467992,3.9501266479492188,4.015054780135614,3.665507288360203
SOFT,20,3.0035869860266757,3.9055023193359375,4.006001733774653,3.6543337296085525
SOFT,30,3.4025478808600838,3.7601470947265625,4.203566690402582,3.801566906951109
SOFT,40,3.4025478808600838,3.3394927978515625,4.20361484350623,3.6614253210737076
SOFT,1,0.0,0.0,0.0,0.0
SOFT,5,12.633323675807404,6.512725830078125,4.190178664647121,7.64402064492576
SOFT,10,12.336942158759868,7.856132507324219,1.8887241195322986,7.193444873561077
SOFT,15,11.55285104511914,6.592933654785156,0.5866123044266658,6.068726573139287
SOFT,20,12.016577530035377,6.981803894042969,0.6363117838742767,6.362853633654737
SOFT,30,12.510674250656152,7.742462158203125,1.1122017912002775,6.939405087812048
SOFT,40,12.510674250656152,7.480522155761719,1.113504650507295,6.852584131019569
SOFT,1,0.0,0.0,0.0,0.0
SOFT,5,2.2359376497843755,1.8711776733398438,1.9323328011245593,2.0083254667660952
SOFT,10,4.4378756726048465,3.96533203125,3.8926620576798854,4.089934584693921
SOFT,15,4.49986985735336,4.012168884277344,4.167436146115463,4.221222196120763
SOFT,20,4.564523263568361,4.13427734375,4.364976311154123,4.3514487818794265
SOFT,30,5.153784225877345,4.333976745605469,4.460784312226863,4.638502363579704
SOFT,40,5.153784225877345,4.128410339355469,4.461934936162152,4.570411416476432
SOFT,1,0.0,0.0,0.0,0.0
SOFT,5,0.249346517848835,-0.09636688232421875,0.09288783682583812,0.0794922703387897
SOFT,10,2.194643581219026,1.3192672729492188,1.5736847613138707,1.6860172849106903
SOFT,15,2.811136140993213,2.393646240234375,1.9818926756881297,2.3823005654558784
SOFT,20,2.867217422705224,2.18255615234375,1.9892139610901296,2.3323262532663733
SOFT,30,3.5337332903207397,2.15399169921875,2.241767759969207,2.6226120332314338
SOFT,40,3.5337332903207397,1.9161834716796875,2.2418159130728554,2.543393192188688
SOFT,1,0.0,0.0,0.0,0.0
SOFT,5,4.76797150639689,-0.48767852783203125,12.107437183919231,5.581188771877692
SOFT,10,5.551464138769063,-0.8733139038085938,4.354664242220451,2.9926300964582424
SOFT,15,5.041873726528905,-2.6146774291992188,2.9248922334897713,1.7511188055281224
SOFT,20,5.271246586188411,-2.6324615478515625,3.967123586247709,2.1821478033705404
SOFT,30,5.910910657779823,-1.5912857055664062,4.854031954939629,3.0419774825644623
SOFT,40,5.910910657779823,-1.6890335083007812,4.855334814246646,3.00986396095459
SOFT,1,0.0,0.0,0.0,0.0
SOFT,5,0.9529560640474131,-0.0899810791015625,-0.28704704396274394,0.1722104502884747
SOFT,10,2.258263753786551,0.20256805419921875,0.129032887722758,0.8293860780214004
SOFT,15,2.669573689914401,-0.4111328125,0.18156920251301756,0.7738183487285681
SOFT,20,2.568468937072595,-0.3229217529296875,-0.0330027254707943,0.6961474144867736
SOFT,30,3.2944308177269903,-0.29920196533203125,0.3914288291264967,1.0827757830864044
SOFT,40,3.2944308177269903,-0.4138031005859375,0.392579453061785,1.0449936854642061
SOFT,1,0.0,0.0,0.0,0.0
SOFT,5,4.483547284385779,1.8310699462890625,2.5778544947434767,2.9339296216973736
SOFT,10,4.301602266720948,3.7633132934570312,3.6776073034080667,3.904229778422362
SOFT,15,4.106865879632011,2.2915725708007812,3.774579709614329,3.385927368343843
SOFT,20,3.8457263826495875,3.3494415283203125,3.202289622942601,3.4555564877238396
SOFT,30,3.935410440121842,3.21881103515625,2.8418018305521144,3.314546918453061
SOFT,40,3.935410440121842,2.9893112182617188,2.841849983655763,3.2380963687031823
SOFT,1,0.0,0.0,0.0,0.0
SOFT,5,1.460820914653425,2.0893707275390625,-0.2028290332760605,1.0889813808878728
SOFT,10,2.345806174287361,2.5753631591796875,3.695822774370754,2.893978381202203
SOFT,15,2.9115649496616385,3.29974365234375,3.2560531280042397,3.1612643838560928
SOFT,20,3.4672660394519283,3.6832046508789062,4.3259927353478105,3.8392476730463443
SOFT,30,3.392808885273098,4.287254333496094,5.333494789150947,4.368891708464858
SOFT,40,3.392808885273098,4.146392822265625,5.3346454130862355,4.322359878399993
SOFT,1,0.0,0.0,0.0,0.0
SOFT,5,2.76278317528174,-0.8343048095703125,1.1180133825438503,0.9895938919963356
SOFT,10,1.118197855272257,-1.689544677734375,4.233656085378911,1.2712000757470463
SOFT,15,0.5680784485025328,-1.3730010986328125,2.432446512103496,0.5727237328490276
SOFT,20,0.852019110883262,-1.3440780639648438,3.1132870194730486,0.9103685664817789
SOFT,30,1.3215699936365013,-1.0930099487304688,3.5413683949376917,1.2926337234713827
SOFT,40,1.3215699936365013,-1.2391891479492188,3.542671254244695,1.2443832752066584
SOFT,1,0.0,0.0,0.0,0.0
SOFT,5,-1.082387737280328,0.39228057861328125,0.5366386428798506,-0.025365073607147792
SOFT,10,-0.9283181215786698,1.5347824096679688,2.3348619006364686,1.0324967789605068
SOFT,15,-1.0080981359760983,1.60797119140625,2.381115676823171,1.0477199292123913
SOFT,20,-0.5440881150987735,2.22467041015625,2.1848516476945434,1.3319098287319804
SOFT,30,-0.4723994892893586,2.364654541015625,2.231120582301614,1.4174724805707797
SOFT,40,-0.4723994892893586,2.296783447265625,2.2309452647284473,1.3947971585638612
SOFT,1,0.0,0.0,0.0,0.0
SOFT,5,-1.6680649541925732,0.4314117431640625,-0.9558396057990706,-0.7196910405956203
SOFT,10,-1.3606939665036606,0.6807327270507812,-0.33129071311535085,-0.32084221015480807
SOFT,15,-1.439806923402486,0.17945098876953125,-0.15543254076069957,-0.45153316948751865
SOFT,20,-0.6861310735166057,-0.06661224365234375,0.09865076574797627,-0.2055157508057448
SOFT,30,-0.3991416287715168,0.479095458984375,-0.07472810121637963,0.00682712954943554
SOFT,40,-0.3991416287715168,0.26523590087890625,-0.07357747728109132,-0.06402702474883881
SOFT,1,0.0,0.0,0.0,0.0
SOFT,5,5.348359384988015,2.974090576171875,6.892518871749061,5.096791214893614
SOFT,10,4.851198571449217,2.937469482421875,5.9183316749211485,4.586408813508214
SOFT,15,3.173738482771867,2.5992507934570312,5.002969948886516,3.6214440073326983
SOFT,20,4.107539224136332,3.3865966796875,6.291038018254056,4.630225621129014
SOFT,30,4.896361600553149,3.9490203857421875,7.2063825560876325,5.387819803523854
SOFT,40,4.896361600553149,3.8059005737304688,7.206054652857773,5.340018940550507
SOFT,1,0.0,0.0,0.0,0.0
SOFT,5,0.14664701747412323,0.41544342041015625,-0.4897850222289435,0.013843044299022722
SOFT,10,-0.4039520039357569,0.5848846435546875,-0.8213836420491702,-0.22032761671781032
SOFT,15,-1.3404372420629187,-0.1216888427734375,-1.0876541456184157,-0.8460401713232528
SOFT,20,-1.4168939543307744,-0.48363494873046875,-1.2565429520764155,-1.0499145933022191
SOFT,30,-1.286341726255472,0.154541015625,-1.091550832381884,-0.7381934397677128
SOFT,40,-1.286341726255472,0.1386566162109375,-1.0917261499550506,-0.7435472403149106
SOFT,1,0.0,0.0,0.0,0.0
SOFT,5,0.4063900288034432,-0.962432861328125,0.31464913322645316,-0.08174362710832384
SOFT,10,1.5141479926068655,0.5799102783203125,0.23248557249118562,0.7550646432968904
SOFT,15,1.8199747568016136,1.0330276489257812,0.16927848096617026,0.9810296849913698
SOFT,20,2.1391827796266796,1.5113754272460938,0.2063315047014953,1.2546788483363684
SOFT,30,2.655604334363943,1.7582015991210938,0.058438212274779744,1.4491668503268613
SOFT,40,2.655604334363943,1.6575393676757812,0.05958883621005384,1.4160290761133467
SOFT,1,0.0,0.0,0.0,0.0
SOFT,5,3.1262670301908884,2.338348388671875,1.8025068249935003,2.4012272893869664
SOFT,10,3.735643506856661,2.3211593627929688,3.5202911361478897,3.189106979674875
SOFT,15,3.707222220225944,3.2701568603515625,2.8718903466173913,3.2697370246157362
SOFT,20,4.196694423723471,3.3827285766601562,4.480190625803161,4.024539442274303
SOFT,30,4.810364821959425,4.285926818847656,4.927216566380267,4.676453702022144
SOFT,40,4.810364821959425,4.158058166503906,4.928367190315541,4.634250981297711
SOFT,1,0.0,0.0,0.0,0.0
SOFT,5,1.0483406969563873,0.0608062744140625,-3.3762588387476598,-0.82661957147171
SOFT,10,-1.21885076292061,-1.210693359375,-5.140022867753217,-2.586161230024473
SOFT,15,-2.2708878956851066,-2.8865814208984375,-5.222226501836701,-3.507207521337037
SOFT,20,-2.2706216634824585,-2.826019287109375,-5.191717450695677,-3.476284594379507
SOFT,30,-1.669724935386526,-1.9317398071289062,-5.069668427945288,-2.9449410811077286
SOFT,40,-1.669724935386526,-2.0774917602539062,-5.06851780401,-2.9931023645414854
SOFT,1,0.0,0.0,0.0,0.0
SOFT,5,5.776477251562895,0.1856231689453125,-0.27195398021925143,1.800375536333874
SOFT,10,6.879614604089156,-1.11895751953125,0.7256335784974937,2.0644035367568705
SOFT,15,7.240416105100408,-0.19239044189453125,1.113222458281271,2.623072595420709
SOFT,20,7.360704863395185,0.160980224609375,1.1637285199073801,2.7966406934283725
SOFT,30,7.452203175381129,0.6245803833007812,1.6393493783948685,3.146329723048396
SOFT,40,7.452203175381129,0.4746551513671875,1.6405000023301568,3.0967779388458467
SOFT,1,0.0,0.0,0.0,0.0
SOFT,5,1.9234107068973572,4.337196350097656,3.114932557668297,3.143972312497965
SOFT,10,1.8392675605156512,4.813087463378906,2.0503222102361605,2.903859820177445
SOFT,15,1.9137771936908337,4.678520202636719,0.9495576495201874,2.498074737799868
SOFT,20,1.871281204929602,3.1751785278320312,1.2378535515493212,2.0844137063857033
SOFT,30,1.8518612911492198,3.6113204956054688,0.8526257498634635,2.0889725488875683
SOFT,40,1.8518612911492198,3.3362045288085938,0.8537763737987376,1.9977082836705904
MEDIUM,1,0.0,0.0,0.0,0.0
MEDIUM,5,2.183006536249323,0.2337188720703125,-0.05012359396258148,0.7532814747372214
MEDIUM,10,3.497862509812407,2.6748199462890625,1.5122179376898401,2.5298622913166895
MEDIUM,15,3.744236841553743,3.10467529296875,1.2622216509895878,2.663942714584408
MEDIUM,20,3.7248616640404606,3.0096435546875,0.7828743133555776,2.4586485583376287
MEDIUM,30,4.027839275737762,3.5286026000976562,0.32084269691044653,2.5663007855112028
MEDIUM,40,4.027839275737762,3.4670562744140625,0.320890850014095,2.5458109010700696
MEDIUM,1,0.0,0.0,0.0,0.0
MEDIUM,5,-0.622118589253688,0.27867889404296875,-0.2525696585983326,-0.19286292528806825
MEDIUM,10,1.139559776247097,0.9165573120117188,0.11668442143182745,0.7078722036894192
MEDIUM,15,1.2585695527590133,1.0336532592773438,0.4699810979810479,0.9081024134924149
MEDIUM,20,1.385588350328689,0.840423583984375,0.4192301892616115,0.8663057451778542
MEDIUM,30,1.33449685118849,1.3554229736328125,0.7411285050766594,1.134150757809408
MEDIUM,40,1.33449685118849,1.14923095703125,0.7411766581803079,1.0654661675634003
MEDIUM,1,0.0,0.0,0.0,0.0
MEDIUM,5,3.407124688151754,2.9615097045898438,0.7174673654240991,2.318903275561155
MEDIUM,10,4.869416916208664,4.054481506347656,0.9209376636553941,3.21831805589359
MEDIUM,15,4.787196333200441,4.038810729980469,0.46424781431427675,3.027434515032567
MEDIUM,20,4.847129552341087,4.029205322265625,-0.22779748703766245,2.801462342581516
MEDIUM,30,6.084088729115308,4.162345886230469,-0.09289683398283444,3.285587535559273
MEDIUM,40,6.084088729115308,4.064292907714844,-0.09174621004754613,3.2533191420823755
MEDIUM,1,0.0,0.0,0.0,0.0
MEDIUM,5,1.020957618865964,1.2830276489257812,1.185526916138386,1.1657764007301523
MEDIUM,10,2.1056530466405547,1.86871337890625,1.2918012501042142,1.7423529978194665
MEDIUM,15,2.1627860538266077,1.4386062622070312,1.3614119682492714,1.641501386960016
MEDIUM,20,2.305895252236539,1.3602676391601562,1.4599975951203845,1.6952698616276365
MEDIUM,30,2.331389067758238,1.7138595581054688,1.6334320557680115,1.8817725200476616
MEDIUM,40,2.331389067758238,1.5899429321289062,1.633256738194845,1.8404233065463274
MEDIUM,1,0.0,0.0,0.0,0.0
MEDIUM,5,0.45277175037112727,-0.7828521728515625,0.8912006433782693,0.19425624088221127
MEDIUM,10,1.4893851291033684,-0.7452316284179688,2.215704249604542,0.9986004700414526
MEDIUM,15,1.5023099654730174,-0.823516845703125,2.238264127212588,0.9845013093748207
MEDIUM,20,1.4803383420578342,-0.8360519409179688,2.408023362140028,1.032663195908711
MEDIUM,30,2.22729723420683,0.45685577392578125,2.621281801280446,1.775056582532514
MEDIUM,40,2.22729723420683,0.36181640625,2.6224324252157203,1.7437922983859124
MEDIUM,1,0.0,0.0,0.0,0.0
MEDIUM,5,6.557177705074139,7.3222503662109375,2.473485506691432,5.385281606311992
MEDIUM,10,6.771158864273218,9.185661315917969,-1.1945614840086591,4.792486813170484
MEDIUM,15,6.711666893033254,9.108909606933594,-2.1654976421922356,4.4087922077375765
MEDIUM,20,6.969140740779778,10.054595947265625,-1.7787894892610296,4.940726073267797
MEDIUM,30,7.49086092232065,10.960319519042969,0.5626852922438559,6.226201654060986
MEDIUM,40,7.49086092232065,10.651649475097656,0.5639881515508733,6.123810647526668
MEDIUM,1,0.0,0.0,0.0,0.0
MEDIUM,5,1.7881368981237955,-0.10951995849609375,-0.5005467716755732,0.3562047850376615
MEDIUM,10,1.77571852242815,-0.6561355590820312,0.3573394480773544,0.46987443690538555
MEDIUM,15,1.5797737459086392,-0.9026947021484375,0.23997496525285555,0.2845207584634153
MEDIUM,20,1.5179179702758177,-1.0840530395507812,0.08800427569040892,0.15136226998325242
MEDIUM,30,1.756953324677653,-0.6759796142578125,0.4542459877266509,0.4911646200316966
MEDIUM,40,1.756953324677653,-0.8587493896484375,0.45539661166193923,0.43066931515348017
MEDIUM,1,0.0,0.0,0.0,0.0
MEDIUM,5,2.427690232283524,1.7399749755859375,0.9499834624879355,1.6822496137790495
MEDIUM,10,3.3234547831961123,5.026878356933594,3.1645078492760064,3.8354860542511062
MEDIUM,15,3.510802970601844,5.886131286621094,3.4220621904982664,4.271236658474578
MEDIUM,20,3.5968583621152703,5.880714416503906,3.536808636665512,4.3368387172189955
MEDIUM,30,3.476752382735114,6.096763610839844,4.15186821344146,4.585598155149242
MEDIUM,40,3.476752382735114,5.9500732421875,4.151692895868294,4.536660925569663
MEDIUM,1,0.0,0.0,0.0,0.0
MEDIUM,5,0.1356717076858729,0.3473358154296875,1.0701890310993036,0.5327097962501028
MEDIUM,10,1.9854239399815157,2.2000350952148438,2.104045758999689,2.0983761230412057
MEDIUM,15,1.9318397193401609,2.2941513061523438,2.1592679496496743,2.132020574561622
MEDIUM,20,1.858918670422213,2.3681182861328125,2.200914577623081,2.1480704556484227
MEDIUM,30,1.9274847396111596,2.5038299560546875,2.399917125763423,2.284582402222597
MEDIUM,40,1.9274847396111596,2.3081741333007812,2.3997418081902566,2.2193303025625397
MEDIUM,1,0.0,0.0,0.0,0.0
MEDIUM,5,1.3098371472815842,1.1602859497070312,1.273435357588184,1.247289453386685
MEDIUM,10,3.568219219009393,3.8130874633789062,2.6897696299412672,3.3428834519295236
MEDIUM,15,3.850388936707475,4.281822204589844,3.057479105618796,3.7171019950128965
MEDIUM,20,4.100256357857091,4.347991943359375,2.8377847569227015,3.7417015222233516
MEDIUM,30,4.395254154419931,4.524925231933594,2.431399156472807,3.752303079866394
MEDIUM,40,4.395254154419931,4.445137023925781,2.4314473095764555,3.725735156415851
MEDIUM,1,0.0,0.0,0.0,0.0
MEDIUM,5,0.41886377483147896,-1.0275955200195312,0.16412060645679105,-0.1520894513148221
MEDIUM,10,1.171562471104295,-0.5142898559570312,0.9577669177978834,0.5351523291642195
MEDIUM,15,1.454115653938345,-0.1269683837890625,1.490507648828526,0.9400270823304737
MEDIUM,20,1.8141401217835522,0.00567626953125,1.6129782408383733,1.1412909808093445
MEDIUM,30,2.5244074097026754,0.13596343994140625,1.8111706815377033,1.4793987063943632
MEDIUM,40,2.5244074097026754,-0.05069732666015625,1.8123213054729916,1.4176069565580462
MEDIUM,1,0.0,0.0,0.0,0.0
MEDIUM,5,1.4172392131006717,3.629913330078125,-1.4650745815456503,1.147424227348182
MEDIUM,10,1.8407903680032973,2.93170166015625,-3.7540908765760292,0.2494626694213764
MEDIUM,15,0.7432234485329161,2.3365097045898438,-4.191181341081318,-0.44995163964070173
MEDIUM,20,0.8886245425926376,2.4162521362304688,-4.585791225301861,-0.5151032794784953
MEDIUM,30,2.3846880505788732,3.2278976440429688,-4.529867506716016,0.24974385190556347
MEDIUM,40,2.3846880505788732,3.1468582153320312,-4.528716882780728,0.2231442275591604
MEDIUM,1,0.0,0.0,0.0,0.0
MEDIUM,5,-0.8784888615499966,-1.25848388671875,0.15178201100557942,-0.6451309507603327
MEDIUM,10,-1.4457821026798428,-0.5179061889648438,-1.120972607713398,-1.023135764464655
MEDIUM,15,-0.625967349445304,-0.26390838623046875,-0.766455649034711,-0.5544179723931393
MEDIUM,20,-0.5021238730021338,0.1251678466796875,-0.7893125583440792,-0.3934572388128572
MEDIUM,30,0.0036752248428371104,0.68719482421875,0.24053344456298476,0.31417460811636033
MEDIUM,40,0.0036752248428371104,0.45346832275390625,0.24168406849827306,0.2367009583850006
MEDIUM,1,0.0,0.0,0.0,0.0
MEDIUM,5,1.4586981760386948,0.7064132690429688,1.1945741643965135,1.1157603155866127
MEDIUM,10,2.4749198155546566,1.9743499755859375,2.6972554265438475,2.385816643669756
MEDIUM,15,2.317849657286672,2.0479812622070312,2.863463260474745,2.418565163877858
MEDIUM,20,2.4866566869294644,2.1555709838867188,3.6500337605578608,2.782817084309386
MEDIUM,30,2.5789867441091303,2.1531143188476562,3.7866406919627025,2.8590350285638806
MEDIUM,40,2.5789867441091303,2.0091018676757812,3.787791315897991,2.8114533322878543
MEDIUM,1,0.0,0.0,0.0,0.0
MEDIUM,5,1.7100856434975924,0.947052001953125,0.8809897616236952,1.1661694165186987
MEDIUM,10,3.2348367069023,2.1771621704101562,2.4262819321356517,2.5999255667841794
MEDIUM,15,3.213891384587484,2.3300399780273438,3.701809928388215,3.0898747827367714
MEDIUM,20,3.2385388105309545,2.4985733032226562,3.6704812485428704,3.142906122304467
MEDIUM,30,4.042535481276346,2.9450759887695312,3.938064557417789,3.6403700086851387
MEDIUM,40,4.042535481276346,2.864166259765625,3.9392151813530774,3.613813599170669
MEDIUM,1,0.0,0.0,0.0,0.0
MEDIUM,5,1.5799252093943892,1.9836578369140625,1.7223394079952214,1.7642039287457152
MEDIUM,10,1.0502756327877307,3.09979248046875,0.06494698049046121,1.3888905777141218
MEDIUM,15,0.795752126628031,4.038185119628906,0.5418049462615784,1.7873757783406887
MEDIUM,20,1.22908277296699,3.9937973022460938,1.6016451311047035,2.2804325076145346
MEDIUM,30,1.9244411297447783,5.7328033447265625,1.8822818646287516,3.1786246793560764
MEDIUM,40,1.9244411297447783,5.6341705322265625,1.882106547055585,3.145699816033428
MEDIUM,1,0.0,0.0,0.0,0.0
MEDIUM,5,6.037740846809456,9.623573303222656,7.159209315230868,7.624342283791762
MEDIUM,10,9.573155946171667,12.256820678710938,10.676446065450449,10.852811441289475
MEDIUM,15,9.625031680831484,14.439987182617188,10.82822759490763,11.649721356398274
MEDIUM,20,9.939002086014483,14.486099243164062,11.464407739209918,11.987021346991853
MEDIUM,30,10.497433626272723,15.664382934570312,13.206552327856926,13.16556287474667
MEDIUM,40,10.497433626272723,15.542892456054688,13.207855187163943,13.125538496843475
MEDIUM,1,0.0,0.0,0.0,0.0
MEDIUM,5,4.291103597181845,2.4095916748046875,1.82230454783992,2.8016198605356237
MEDIUM,10,4.272265876480162,3.0222549438476562,2.609628383507143,3.2748597301799407
MEDIUM,15,4.356748543884365,3.2020339965820312,3.227645472913167,3.5775073062899594
MEDIUM,20,4.333926430737293,3.1961288452148438,3.2030362263060255,3.55969736879743
MEDIUM,30,4.418006175113433,3.321197509765625,3.289026470256374,3.6581017848201896
MEDIUM,40,4.418006175113433,3.261199951171875,3.2903293295633915,3.6385663213527835
MEDIUM,1,0.0,0.0,0.0,0.0
MEDIUM,5,0.9695274459924406,0.9382705688476562,1.0197149261236689,0.976648055379826
MEDIUM,10,2.03862261548187,2.64752197265625,2.458090427550033,2.3880616098008716
MEDIUM,15,2.0938776283036162,2.7473373413085938,2.460334557048796,2.4396421423035974
MEDIUM,20,2.1500780434510034,2.5593185424804688,2.3135630362596373,2.3435539176148836
MEDIUM,30,2.6256967465247527,2.8116073608398438,1.9763466228429394,2.4607624555130485
MEDIUM,40,2.6256967465247527,2.6925506591796875,1.9774972467782135,2.421495801311366
MEDIUM,1,0.0,0.0,0.0,0.0
MEDIUM,5,1.7032881712126766,5.184181213378906,-3.3601716289419272,1.0939566398150475
MEDIUM,10,-0.13857515379214647,3.7304534912109375,-3.1974638854375,0.08179903496686336
MEDIUM,15,-1.5515340453178936,0.7327194213867188,-2.76407460552025,-1.2140930237161314
MEDIUM,20,-1.3331003045675232,0.7140960693359375,-1.9867822620031745,-0.8793836267805517
MEDIUM,30,-1.126623521594837,1.9679336547851562,-0.9347042354172288,-0.028488390175994027
MEDIUM,40,-1.126623521594837,1.8861465454101562,-0.9335536114819405,-0.05533713531826834
MEDIUM,1,0.0,0.0,0.0,0.0
MEDIUM,5,1.4573295448502392,-0.14981842041015625,-0.3467301409884129,0.2915165319250832
MEDIUM,10,3.700066024137513,0.1932220458984375,1.3894987608416187,1.7243205742366143
MEDIUM,15,3.6367739716620378,0.0855712890625,1.5621887876534828,1.7286989691175023
MEDIUM,20,3.6798161669543106,0.35698699951171875,1.7304765370670623,1.8915931318739183
MEDIUM,30,3.7949827402780585,0.68878173828125,2.081701623496798,2.1614154484986727
MEDIUM,40,3.7949827402780585,0.47057342529296875,2.0807694593813153,2.088384615612327
MEDIUM,1,0.0,0.0,0.0,0.0
MEDIUM,5,-10.828709002724736,-6.6887054443359375,-1.8898321305703831,-6.32611799655281
MEDIUM,10,-9.777154110630505,-6.754417419433594,-7.072945543011727,-7.825173712510733
MEDIUM,15,-9.964255553337537,-6.809761047363281,-8.013582871594949,-8.231654427803235
MEDIUM,20,-10.1313778265215,-6.897666931152344,-7.917927457434317,-8.280569903729614
MEDIUM,30,-8.451363848669814,-5.274803161621094,-8.267913611117478,-7.328864872345164
MEDIUM,40,-8.451363848669814,-5.467803955078125,-8.26676298718219,-7.39276906484848
MEDIUM,1,0.0,0.0,0.0,0.0
MEDIUM,5,-0.3072411483940556,-0.14977264404296875,0.8151799534091282,0.13739161532564026
MEDIUM,10,-0.1690183023497127,-2.1229095458984375,1.8735030973292197,-0.10639631156752216
MEDIUM,15,-0.6708758912788113,-2.0420913696289062,1.7772015801159853,-0.27241304138068756
MEDIUM,20,-0.3018016663575338,-1.5109176635742188,1.8722913459961035,0.05494320538258535
MEDIUM,30,-0.01877575495284134,-1.1199493408203125,1.6136329769827142,0.1846741350003498
MEDIUM,40,-0.01877575495284134,-1.2205276489257812,1.6147836009180025,0.1515643233251609
MEDIUM,1,0.0,0.0,0.0,0.0
MEDIUM,5,-2.8624002935388404,-2.7155532836914062,1.0718382239277418,-1.4388783753485512
MEDIUM,10,-2.935833827954397,-1.8009872436523438,1.9929443989099411,-0.8356341140360541
MEDIUM,15,-3.1650023259145854,-1.8485641479492188,1.4075470105106689,-1.1287615793426085
MEDIUM,20,-3.0186682301041685,-1.7138519287109375,1.39236736698804,-1.0427314956329639
MEDIUM,30,-1.9522172309422814,0.2508087158203125,1.1132076588789488,-0.14715113148737657
MEDIUM,40,-1.9522172309422814,0.0641937255859375,1.114358282814237,-0.20892762903005746
MEDIUM,1,0.0,0.0,0.0,0.0
MEDIUM,5,2.657551082103055,-0.230072021484375,0.6298217903997738,0.9869462151045525
MEDIUM,10,3.2228240087471676,-0.32733917236328125,1.381312640764122,1.396529621454846
MEDIUM,15,2.0398516765086043,-1.0170440673828125,1.5073505476880626,0.8352682427448173
MEDIUM,20,2.0081391770476102,-1.0807952880859375,1.6626385282442016,0.8582172961216656
MEDIUM,30,2.6221370538887214,-0.264312744140625,1.7256511995137913,1.3471711871041236
MEDIUM,40,2.6221370538887214,-0.46221160888671875,1.7247190353983086,1.2809072884892458
MEDIUM,1,0.0,0.0,0.0,0.0
MEDIUM,5,2.5711815455061924,2.6432266235351562,0.7229935851083837,1.9494431861404422
MEDIUM,10,-0.7673813159547507,-0.05896759033203125,0.6833818222384735,-0.024458049817852157
MEDIUM,15,-1.1127711228975699,-0.220001220703125,0.9230410608066677,-0.10401016082218462
MEDIUM,20,-0.8506442128515914,-0.1581268310546875,1.1376244938049922,0.07478298574565656
MEDIUM,30,-0.7095114044564639,1.56561279296875,1.1115942078674266,0.6848212902908841
MEDIUM,40,-0.7095114044564639,1.4500579833984375,1.1127448318027149,0.6467214365515019
MEDIUM,1,0.0,0.0,0.0,0.0
MEDIUM,5,4.942621429324831,4.413291931152344,8.557484334393507,6.029259654567838
MEDIUM,10,4.12313921168365,4.798553466796875,8.073601215880004,5.728443576486157
MEDIUM,15,2.55612722164706,4.5518035888671875,5.929384759049128,4.399660659858796
MEDIUM,20,2.758601477724511,4.857032775878906,6.570634964926583,4.789677040960299
MEDIUM,30,3.713726286390724,4.9464111328125,6.598239174228226,5.132273727561085
MEDIUM,40,3.713726286390724,4.824615478515625,6.5993897981635,5.09209447779088
MEDIUM,1,0.0,0.0,0.0,0.0
MEDIUM,5,1.2391740911480866,0.8973541259765625,-1.953025170425306,0.009951864712334668
MEDIUM,10,-0.4247904034495207,-0.27330780029296875,-2.1690025506460415,-0.983732481775192
MEDIUM,15,-0.8280686373599053,-0.3940582275390625,-2.24726155201067,-1.1793155607265504
MEDIUM,20,-0.9036243581846435,-0.6071014404296875,-2.001894649599535,-1.1885529529979522
MEDIUM,30,0.08044825151726798,-0.1334075927734375,-2.005647491993642,-0.7196730618708642
MEDIUM,40,0.08044825151726798,-0.24291229248046875,-2.004496868058368,-0.7557570708028578
MEDIUM,1,0.0,0.0,0.0,0.0
MEDIUM,5,0.3585606352685602,-1.2096328735351562,-0.8036700956681244,-0.5700228108604506
MEDIUM,10,2.2030918083998046,3.0053176879882812,1.525373081769601,2.2335967076709125
MEDIUM,15,2.886036993617708,4.6338958740234375,2.254283698946665,3.247678693492361
MEDIUM,20,3.1935337914637785,1.2962112426757812,1.8817496501483078,2.10303451498595
MEDIUM,30,2.754453827311494,2.6990127563476562,2.3268488492872024,2.586579330010153
MEDIUM,40,2.754453827311494,2.3876190185546875,2.3259166851717197,2.482499911401945
MEDIUM,1,0.0,0.0,0.0,0.0
MEDIUM,5,2.9620452920090514,6.967689514160156,0.8574103484133815,3.5613478158071814
MEDIUM,10,-2.1300600621853363,0.7080841064453125,-0.9781939687497072,-0.7819612565557179
MEDIUM,15,-3.880057135240307,-0.08071136474609375,-1.754483264932972,-1.871487911596958
MEDIUM,20,-3.7613826719180565,-0.18576812744140625,-1.909426028508335,-1.922958606512779
MEDIUM,30,-3.5444810907155926,-0.18610382080078125,-2.1919238430198504,-1.9529250693367146
MEDIUM,40,-3.5444810907155926,-0.33412933349609375,-2.190773219084562,-2.0018438833538426
MEDIUM,1,0.0,0.0,0.0,0.0
MEDIUM,5,0.7571431235901258,-0.06055450439453125,1.1344445738259736,0.6165196024976609
MEDIUM,10,3.084426209690079,2.1980361938476562,2.986704181102084,2.754945293556517
MEDIUM,15,3.161072592593655,2.3467178344726562,3.33797747410388,2.9515458126529666
MEDIUM,20,3.4138971739572668,2.7265243530273438,3.573931213463027,3.2407851412712887
MEDIUM,30,3.8920859105801497,4.131622314453125,4.22896288423955,4.089599704985602
MEDIUM,40,3.8920859105801497,3.9832534790039062,4.228787566666384,4.040103224639779
MEDIUM,1,0.0,0.0,0.0,0.0
MEDIUM,5,8.423504841175287,14.256393432617188,12.033223364134628,11.62818225370738
MEDIUM,10,7.365082636039617,13.908714294433594,-0.17095077331360642,6.912330513194732
MEDIUM,15,7.567382281195449,13.454338073730469,-2.8475732226270907,5.88995735963114
MEDIUM,20,8.190182085946972,14.652763366699219,-1.3284179187039484,7.017730610516907
MEDIUM,30,9.222334830921085,16.17596435546875,-0.5052372306921171,8.140483139690915
MEDIUM,40,9.222334830921085,16.04802703857422,-0.5054125482652836,8.09779426639956
MEDIUM,1,0.0,0.0,0.0,0.0
MEDIUM,5,1.6645203768173786,0.1344451904296875,0.7120997000563563,0.8219437058091472
MEDIUM,10,1.5245460261220103,0.8224411010742188,1.1463055629669583,1.1584562644473095
MEDIUM,15,1.5273000413897364,0.7763290405273438,1.1319735850872519,1.1389588023760524
MEDIUM,20,1.634856755266469,0.8520584106445312,1.1942605652148899,1.220094008670003
MEDIUM,30,2.221432048744987,0.8433837890625,1.2020231495023666,1.4061042601287994
MEDIUM,40,2.221432048744987,0.6543731689453125,1.2031737734376549,1.3435295592197605
MEDIUM,1,0.0,0.0,0.0,0.0
MEDIUM,5,0.5786337040154876,0.7570571899414062,0.569239488299246,0.6348006126425787
MEDIUM,10,1.3097458167912066,0.22255706787109375,1.0054152326922576,0.8411729854037873
MEDIUM,15,1.4764549954243051,0.21805572509765625,1.0149586046207304,0.8959237172280723
MEDIUM,20,1.6995322875703494,0.8103485107421875,1.2047090767242565,1.2303763070187443
MEDIUM,30,2.4630698167850227,1.467742919921875,0.9636476940901701,1.6075484502402162
MEDIUM,40,2.4630698167850227,1.3537216186523438,0.9634723765170037,1.569496274210735
MEDIUM,1,0.0,0.0,0.0,0.0
MEDIUM,5,1.3280357249289239,0.7213134765625,0.9064305693116523,0.9785753526449241
MEDIUM,10,0.7229340491720535,0.30467987060546875,2.8761076061518764,1.3358782052706601
MEDIUM,15,-0.9349683963415458,-3.3058013916015625,3.1506444590165614,-0.2974268296170237
MEDIUM,20,-1.2738210868773905,-3.8821487426757812,3.0886530027490124,-0.618677446340854
MEDIUM,30,-1.6576849440805006,-4.601325988769531,3.1722140044104066,-0.9509500757937133
MEDIUM,40,-1.6576849440805006,-4.82354736328125,3.171281840294924,-1.0253180264211466
MEDIUM,1,0.0,0.0,0.0,0.0
MEDIUM,5,2.7209691810635803,0.1081390380859375,-0.0868643837460894,0.8693603300509096
MEDIUM,10,1.3556041677693287,1.2211151123046875,1.2428863548883555,1.2714107983187404
MEDIUM,15,1.0126778356078887,0.9622268676757812,1.307587023492161,1.0989070874937994
MEDIUM,20,1.3939006284292645,1.1269760131835938,1.7885448007692162,1.4428493780892637
MEDIUM,30,2.2402468452643802,1.4265289306640625,1.7941325433944257,1.813253975341226
MEDIUM,40,2.2402468452643802,1.2524185180664062,1.7952831673296998,1.7556438960070153
MEDIUM,1,0.0,0.0,0.0,0.0
MEDIUM,5,0.7781813405615026,0.7786178588867188,0.3627614354160471,0.6331821516743048
MEDIUM,10,1.567544380769732,0.04064178466796875,1.4274995098220415,1.0098628696049161
MEDIUM,15,1.7828047879554134,0.5506744384765625,1.7728832589554457,1.3688029959755994
MEDIUM,20,1.835642318347766,0.564666748046875,1.75709605953908,1.3847206598690462
MEDIUM,30,1.9375088629268475,0.5923385620117188,1.8634899897196249,1.4634479903810416
MEDIUM,40,1.9375088629268475,0.41040802001953125,1.8631620864897656,1.4027157244629507
MEDIUM,1,0.0,0.0,0.0,0.0
MEDIUM,5,-0.42850385487645326,-0.28591156005859375,0.027049275961601893,-0.22182643868804064
MEDIUM,10,1.1128322985118047,1.5962905883789062,-0.11640436863635273,0.8444302891027036
MEDIUM,15,1.1701651665625405,1.9014434814453125,-0.1680861927650028,0.9462457430153677
MEDIUM,20,1.4882763161136836,1.9122695922851562,-0.18891380075433517,1.0435494610818665
MEDIUM,30,1.3379278973551152,2.0049972534179688,-0.05701199629402254,1.072808045118407
MEDIUM,40,1.3379278973551152,1.8097686767578125,-0.05586137235873423,1.0081615743253707
MEDIUM,1,0.0,0.0,0.0,0.0
MEDIUM,5,5.062674083781147,0.0235137939453125,12.267605114840464,5.901018471153662
MEDIUM,10,2.9544158113580323,-0.974945068359375,6.973390041336245,3.0493861892384615
MEDIUM,15,3.4279434246688396,-1.5508804321289062,5.501809357033395,2.493635314387845
MEDIUM,20,4.1583134015375975,-1.108001708984375,5.5714784687453545,2.8973716860601115
MEDIUM,30,5.174885944415635,-0.5604476928710938,6.027817344773709,3.5619297843118716
MEDIUM,40,5.174885944415635,-0.70751953125,6.028967968708983,3.5133287264119133
MEDIUM,1,0.0,0.0,0.0,0.0
MEDIUM,5,0.9046554873838204,0.47491455078125,0.22947394837200363,0.5255660657276735
MEDIUM,10,2.7776695639963407,2.3101882934570312,1.968085931169881,2.339046291678983
MEDIUM,15,3.2877366433104527,2.5465774536132812,2.2603776214019717,2.6818371260967098
MEDIUM,20,3.378735577393499,2.848388671875,2.2409432916014254,2.804492345213191
MEDIUM,30,3.3620373773536443,3.235809326171875,1.894178197148591,2.807120163206065
MEDIUM,40,3.3620373773536443,3.2220611572265625,1.8942263502522394,2.8025562153579955
MEDIUM,1,0.0,0.0,0.0,0.0
MEDIUM,5,1.5750307083401083,0.4895782470703125,1.5324890128299131,1.1985034887183446
MEDIUM,10,3.4093464171058656,2.178802490234375,2.9905432052999146,2.853012980882042
MEDIUM,15,3.4727568342004247,2.221710205078125,3.1416766135350827,2.9402418354535627
MEDIUM,20,3.4941327498413983,2.17706298828125,3.1027143213432993,2.918537686438256
MEDIUM,30,3.6769806243810166,2.5482025146484375,3.591478231629054,3.271007520720076
MEDIUM,40,3.6769806243810166,2.3978424072265625,3.5926288555643424,3.2213108397281047
MEDIUM,1,0.0,0.0,0.0,0.0
MEDIUM,5,-1.1382797879066686,-0.9735488891601562,1.4085760855538325,-0.19354031453727316
MEDIUM,10,0.34356979264951804,1.1105194091796875,2.010404010635682,1.1814903488231039
MEDIUM,15,0.5854807793548247,1.9332046508789062,2.0639323518417996,1.5510908460771589
MEDIUM,20,0.5091227403390093,1.8750457763671875,1.9775361336129578,1.4772893475102649
MEDIUM,30,0.41538321602628514,2.239532470703125,2.1723702643499223,1.6370523703527908
MEDIUM,40,0.41538321602628514,2.09710693359375,2.172418417453571,1.5896142251258851
MEDIUM,1,0.0,0.0,0.0,0.0
MEDIUM,5,0.7855442731642484,0.223297119140625,0.27995243178371254,0.42155829658553046
MEDIUM,10,3.123335889232365,0.7577133178710938,1.668880370371042,1.8269547337606866
MEDIUM,15,3.9997716586120475,0.8163375854492188,1.7686702136400783,2.1595483875563986
MEDIUM,20,4.042763823854571,1.702728271484375,2.0473975334322176,2.565917833218464
MEDIUM,30,4.616452330074594,1.899200439453125,2.958049178292697,3.1316535060080497
MEDIUM,40,4.616452330074594,1.5473556518554688,2.9580973313963455,3.014438659497415
MEDIUM,1,0.0,0.0,0.0,0.0
MEDIUM,5,7.420619624489177,8.0029296875,10.300365606643084,8.620802234640209
MEDIUM,10,4.569331569375876,6.9468841552734375,8.81018343201363,6.843233915121132
MEDIUM,15,1.4536942436878633,5.6538848876953125,6.427336248115822,4.5909154248871005
MEDIUM,20,1.5147963029181284,5.3617706298828125,6.332095755469197,4.479703903605994
MEDIUM,30,2.422599963152507,7.09600830078125,7.194181482320502,5.646894793772091
MEDIUM,40,2.422599963152507,7.049049377441406,7.194006164747336,5.631187227902714
MEDIUM,1,0.0,0.0,0.0,0.0
MEDIUM,5,0.2739260466554754,0.21002960205078125,0.5348564002091223,0.3438034281874991
MEDIUM,10,1.3088644619185175,-0.964691162109375,1.917997543609843,0.7641617733055455
MEDIUM,15,1.290019885677566,-0.7398605346679688,2.22715802934691,0.9411102240064793
MEDIUM,20,1.482160705981812,-0.6066055297851562,2.3603133792589404,1.0930217090033665
MEDIUM,30,1.885306372854032,-0.2951202392578125,2.345366667843223,1.3195485478975542
MEDIUM,40,1.885306372854032,-0.48859405517578125,2.3450387646133635,1.2549701619371092
MEDIUM,1,0.0,0.0,0.0,0.0
MEDIUM,5,8.22693786291535,10.745872497558594,8.033441357183008,8.998619073241429
MEDIUM,10,6.207137123934999,9.654975891113281,8.768721570274877,8.250926084272592
MEDIUM,15,5.342121950642465,10.060554504394531,7.679054386586174,7.730770136412687
MEDIUM,20,6.1446965687296995,10.562705993652344,9.296005219862195,8.717783348216813
MEDIUM,30,6.258062200144664,12.341064453125,9.72289551862518,9.495453527699482
MEDIUM,40,6.258062200144664,12.167366027832031,9.722720201052013,9.437517444881365
MEDIUM,1,0.0,0.0,0.0,0.0
MEDIUM,5,-0.19189327380266263,-0.6058502197265625,1.1250520071549914,0.13031072735729765
MEDIUM,10,2.8511464684286096,0.5638198852539062,2.2937006854322135,1.894261413100267
MEDIUM,15,2.827319156005217,0.4778594970703125,2.289479553967894,1.8565821459747838
MEDIUM,20,3.365768569264759,1.50439453125,3.556493695357503,2.8122126204305573
MEDIUM,30,3.838880918970588,2.17919921875,4.164941979412603,3.3998125017346723
MEDIUM,40,3.838880918970588,2.0463638305664062,4.166123312078696,3.3559656365547283
MEDIUM,1,0.0,0.0,0.0,0.0
MEDIUM,5,1.7865181790639895,0.3693695068359375,2.029427010065092,1.399206918166982
MEDIUM,10,2.061659655825096,1.7462692260742188,3.8567821739405446,2.5837767555739504
MEDIUM,15,1.9080982498535946,1.657928466796875,3.877497093397068,2.512837165914817
MEDIUM,20,2.0056405836153175,2.0496444702148438,3.9048043333624634,2.683856027055697
MEDIUM,30,2.472088784424841,2.2749099731445312,4.13065466247015,2.985881106367003
MEDIUM,40,2.472088784424841,2.1407394409179688,4.131805286405438,2.9415786532202617
MEDIUM,1,0.0,0.0,0.0,0.0
MEDIUM,5,-3.6874625261070264,-6.1630401611328125,0.7773961615916392,-2.952315296187251
MEDIUM,10,-1.4882960427966054,-4.5731201171875,1.1796607807118846,-1.5839686912958229
MEDIUM,15,-1.2880703051678353,-5.807075500488281,1.1790794871816814,-1.9317603111677073
MEDIUM,20,-1.5173676582200386,-5.943962097167969,1.1471486313436117,-2.06130880142841
MEDIUM,30,-1.4544252799159096,-5.1917877197265625,1.7523955674814715,-1.5792430325816866
MEDIUM,40,-1.4544252799159096,-5.337333679199219,1.75244372058512,-1.6277208758239965
MEDIUM,1,0.0,0.0,0.0,0.0
MEDIUM,5,1.342261648989549,0.5938491821289062,1.3864632983823952,1.1083407510806467
MEDIUM,10,3.624729074454123,2.7117843627929688,2.6283539532050213,2.9724176371289133
MEDIUM,15,3.6544203266858943,2.7302932739257812,2.826504755152513,3.057241545995737
MEDIUM,20,3.665156400326154,2.881744384765625,2.826188058644803,3.111000909380408
MEDIUM,30,4.126381063923262,3.6187591552734375,2.9348342619327212,3.540928176954978
MEDIUM,40,4.126381063923262,3.437896728515625,2.9359848858680095,3.481068384311129
HARD,1,0.0,0.0,0.0,0.0
HARD,5,0.9500387542015432,0.8170318603515625,0.9235931027398294,0.896482081499073
HARD,10,1.700075692220011,1.8484115600585938,1.574143405130755,1.7055001265033098
HARD,15,1.8808024354541573,2.9860153198242188,1.6969612934999532,2.184817174886817
HARD,20,2.2527000742714876,3.0193252563476562,1.8261390097993058,2.3590957498721963
HARD,30,2.90015428836152,3.3662872314453125,2.6707770770401282,2.9753230981239795
HARD,40,2.90015428836152,3.2667694091796875,2.6720799363471457,2.942619821160619
HARD,1,0.0,0.0,0.0,0.0
HARD,5,1.8619072816373148,5.721763610839844,-1.2511208765861994,2.0603094192900784
HARD,10,2.0089705865681964,3.9825592041015625,-3.3044162606953194,0.8100954697587497
HARD,15,0.8238871404568613,4.8115692138671875,-3.2771491395145773,0.7196770134995063
HARD,20,0.9897187814376167,4.543952941894531,-3.680851969633082,0.5420964018254182
HARD,30,2.1459045373576373,5.316131591796875,-3.6803663724551114,1.1665412158866673
HARD,40,2.1459045373576373,5.209541320800781,-3.679215748519823,1.1314282696487794
HARD,1,0.0,0.0,0.0,0.0
HARD,5,2.5304851650710702,0.7899246215820312,-0.8169190585815471,0.7809870911391528
HARD,10,3.1571094897617087,0.35749053955078125,-2.3811878154859016,0.289260432501635
HARD,15,3.3800739940815845,0.7781448364257812,-2.097773547581923,0.5992141820940446
HARD,20,3.3476092515257676,1.246429443359375,-2.2940386289809567,0.6763642123010669
HARD,30,4.076118967365417,1.236083984375,-2.085501757031807,0.9770190555001079
HARD,40,4.076118967365417,1.1387786865234375,-2.0843511330965327,0.9449997828190675
HARD,1,0.0,0.0,0.0,0.0
HARD,5,-0.40863855451733855,-0.5886611938476562,1.8288770455290972,0.31315079494856946
HARD,10,0.9812884750490554,1.257293701171875,-0.29810949051740465,0.62623889540086
HARD,15,0.6749613002084658,1.2036590576171875,-1.2267802677770447,0.18666447069907122
HARD,20,1.6242596289170734,2.4947967529296875,-0.7072705510688877,1.0996957970071435
HARD,30,2.628411206674599,4.054893493652344,0.23580377532199748,2.267743604719925
HARD,40,2.628411206674599,3.8045654296875,0.23695439925728579,2.184738456500696
HARD,1,0.0,0.0,0.0,0.0
HARD,5,3.684748758755731,7.514686584472656,7.477470145889427,6.285999967887562
HARD,10,4.557961100346532,4.094917297363281,2.3850922828010113,3.6444946242479546
HARD,15,2.7392379993814444,3.726715087890625,0.7082029387076005,2.358628327897904
HARD,20,2.7975564717667822,4.1329345703125,0.9235709083310013,2.587736367472772
HARD,30,3.9728568719697677,4.977783203125,1.3078511146123333,3.37655648044597
HARD,40,3.9728568719697677,4.83770751953125,1.3090017385476216,3.330286481421666
HARD,1,0.0,0.0,0.0,0.0
HARD,5,0.7792085286835686,4.035606384277344,1.7290360259674458,2.1960750951908494
HARD,10,2.792523101563603,2.8334732055664062,3.539854012561534,3.0672792018273043
HARD,15,2.5376164304622506,2.7635345458984375,3.635813324409355,2.9965922600352854
HARD,20,2.8435340421308126,2.7295913696289062,5.445159462449254,3.714557940834993
HARD,30,3.9945038129730506,3.5324325561523438,5.585327558911217,4.396367641571686
HARD,40,3.9945038129730506,3.259307861328125,5.586478182846491,4.305766851127373
HARD,1,0.0,0.0,0.0,0.0
HARD,5,1.9022244766616154,-0.098114013671875,0.2376091342386104,0.6541245662688766
HARD,10,2.8779406748208487,0.43979644775390625,1.1756301995889373,1.4707972415364452
HARD,15,3.3633746283616404,0.7093505859375,1.4001851141716628,1.7931526880175284
HARD,20,3.2985048608442895,1.219085693359375,1.1114785579982964,1.841529431833294
HARD,30,3.097024754278692,1.7125320434570312,0.8008836012447205,1.8334689517107279
HARD,40,3.097024754278692,1.5776748657226562,0.8020342251800088,1.7889377141596299
HARD,1,0.0,0.0,0.0,0.0
HARD,5,2.1237778403035463,-0.2727508544921875,1.2451231701790135,1.0182795740686004
HARD,10,3.971068767197366,1.8550872802734375,0.7742925465815347,2.1491119559677827
HARD,15,3.0141662754625997,2.6913070678710938,0.019248496617095157,1.8601902976446922
HARD,20,3.8505050243838355,2.749603271484375,1.2149370444045644,2.5628460856937068
HARD,30,5.305247586732506,4.9891357421875,1.6209246964505297,3.9126467409445524
HARD,40,5.305247586732506,4.816062927246094,1.620749378877349,3.854919106139306
HARD,1,0.0,0.0,0.0,0.0
HARD,5,6.041397807240642,6.442634582519531,12.586591934776024,8.461928737995521
HARD,10,6.433749532389456,5.694908142089844,6.205771932165121,6.107920224597962
HARD,15,6.569226963072211,6.598152160644531,4.294723052250021,5.78416979827287
HARD,20,6.867007869010109,7.2980804443359375,4.26321764173494,6.10089257127359
HARD,30,7.48236574205329,7.626289367675781,3.8583248917842354,6.264106873829121
HARD,40,7.48236574205329,7.48101806640625,3.8594755157195237,6.216105739478408
HARD,1,0.0,0.0,0.0,0.0
HARD,5,2.13487472769026,1.4241409301757812,2.048087577700045,1.8677415250540292
HARD,10,3.611251801806617,1.7226638793945312,3.4124097574161425,2.912516540333627
HARD,15,3.4312129947445555,1.4709396362304688,5.133962761934455,3.3729948316737506
HARD,20,3.71643159781172,2.4590072631835938,5.710215226456086,3.9940817840877116
HARD,30,3.9742373238267845,3.127288818359375,5.523077278848277,4.233194523280588
HARD,40,3.9742373238267845,2.9993133544921875,5.528353178498222,4.192397554602309
HARD,1,0.0,0.0,0.0,0.0
HARD,5,0.40966524243216895,0.7449569702148438,0.9120947611635728,0.6969267220314777
HARD,10,2.9232805598711025,1.5003433227539062,2.1285500268773916,2.1714971026841994
HARD,15,3.0161548813136108,1.3144989013671875,2.220682119722312,2.171245396148734
HARD,20,3.317049827288997,1.3690948486328125,2.3567501759564067,2.3324863319817126
HARD,30,3.5328307965868504,2.7657623291015625,2.2699142171304203,2.8359964667226905
HARD,40,3.5328307965868504,2.5138092041015625,2.2689820530149376,2.751722151386062
HARD,1,0.0,0.0,0.0,0.0
HARD,5,-4.633371558068347,-0.44062042236328125,-0.28882858174236503,-1.7184316907742527
HARD,10,-8.054032620100912,-1.7250747680664062,-4.67685410679924,-4.765316931392761
HARD,15,-9.270657873626831,-2.0606002807617188,-4.482929098064645,-5.195531497526318
HARD,20,-8.972179691380376,-1.7973098754882812,-4.337440484883857,-4.9622310017760185
HARD,30,-8.410119283058549,-1.4568939208984375,-4.274502745058172,-4.648410385410244
HARD,40,-8.410119283058549,-1.6596755981445312,-4.2745521577138845,-4.715992768533766
HARD,1,0.0,0.0,0.0,0.0
HARD,5,1.0844642491565395,-0.8295440673828125,0.6602400616368556,0.2985122811946326
HARD,10,3.038672773821588,0.36655426025390625,0.8824617857888057,1.3949816395848842
HARD,15,3.0457859264086267,0.7880859375,1.2538015112461949,1.667433559010604
HARD,20,3.307979580139545,0.8521270751953125,1.6031925568888568,1.8940706127734614
HARD,30,3.9396273786740466,2.5044784545898438,2.4044392425423524,2.9250646985073274
HARD,40,3.9396273786740466,2.2656478881835938,2.404263924969186,2.8454271439102996
HARD,1,0.0,0.0,0.0,0.0
HARD,5,2.1107269973686584,5.355110168457031,5.583909313823554,4.4052318281179055
HARD,10,1.893618708862249,2.9588623046875,5.104264322838873,3.370324514000913
HARD,15,0.7279953096233953,2.0629501342773438,3.9364600924015463,2.29380462078646
HARD,20,0.9126447983094437,2.4452056884765625,4.831213897692351,2.792399938959875
HARD,30,1.5605667209403151,2.7786636352539062,5.708893874073851,3.4158209166889435
HARD,40,1.5605667209403151,2.5960006713867188,5.710044498009125,3.3553612004958495
HARD,1,0.0,0.0,0.0,0.0
HARD,5,0.24986756472303284,1.327484130859375,1.428110993497171,1.0205896915480537
HARD,10,-0.7737629465826075,0.8293380737304688,0.5243731344493767,0.21393570462102218
HARD,15,-1.1848697914796276,0.6042633056640625,-0.7617708056704231,-0.44091831460995934
HARD,20,-0.3978875830953541,1.3115005493164062,-0.05577048049622135,0.2911990850482198
HARD,30,-0.1032145877740902,1.3374404907226562,0.19684559970158944,0.481638153465326
HARD,40,-0.1032145877740902,1.1559295654296875,0.20078709503204095,0.4225373964231238
HARD,1,0.0,0.0,0.0,0.0
HARD,5,-1.7802910041752966,-0.5682525634765625,0.5711478657435549,-0.5548748758631632
HARD,10,-3.705408974856212,-0.7302398681640625,-0.8812436835133752,-1.7273656992678639
HARD,15,-4.1229340632902876,-1.37933349609375,-0.7415148606577731,-2.0273470598441463
HARD,20,-3.928141660595216,-1.3794708251953125,0.5129323704496898,-1.5272680388853814
HARD,30,-3.520021289863905,-0.963226318359375,0.3014600414811781,-1.3329218683728072
HARD,40,-3.520021289863905,-1.1344375610351562,0.3026106654164664,-1.389565969110805
HARD,1,0.0,0.0,0.0,0.0
HARD,5,1.4547766884640794,3.4635772705078125,0.4320486370310874,1.7667582496697065
HARD,10,2.11001109005457,2.904388427734375,1.609508686902501,2.199818991098269
HARD,15,2.1376753533259887,2.8642425537109375,3.956854719382804,3.0153690987409476
HARD,20,2.1158392808956705,2.981048583984375,3.9232407783435974,3.035612288005737
HARD,30,2.6503005963017756,3.5316390991210938,3.821229228574822,3.353068817265452
HARD,40,2.6503005963017756,3.35400390625,3.8223798525101103,3.2942843113221443
HARD,1,0.0,0.0,0.0,0.0
HARD,5,2.3242164359605795,-1.1928329467773438,1.3343960386694107,0.8065297896474419
HARD,10,6.0096333620668645,1.212310791015625,1.9816477329215587,3.0038582573748727
HARD,15,6.034342090370274,2.5000457763671875,0.6416988155325782,2.9725952632488486
HARD,20,6.239402456341821,2.21343994140625,1.3431395172978426,3.187268267472021
HARD,30,6.832819900733369,3.6608734130859375,1.0351923270173984,3.7503064237903914
HARD,40,6.832819900733369,3.4673690795898438,1.0363429509526867,3.686234456057207
HARD,1,0.0,0.0,0.0,0.0
HARD,5,2.3641574481008405,0.164031982421875,0.22000703659654164,0.8819442323383271
HARD,10,2.281501168497172,2.0100936889648438,1.2389022814556085,1.8267942034300404
HARD,15,1.4627291870305754,0.848968505859375,1.554249392030954,1.2902058635644522
HARD,20,1.8075342755987265,1.2634658813476562,1.65815611275832,1.5740637228383179
HARD,30,2.6463832566883383,2.2854080200195312,2.3480718677884056,2.421881612130079
HARD,40,2.6463832566883383,2.21282958984375,2.3492224917236797,2.398101120055287
HARD,1,0.0,0.0,0.0,0.0
HARD,5,0.8413429443721867,1.6621322631835938,-0.3954239892203617,0.6827057264574563
HARD,10,2.3616356642915832,2.536529541015625,1.3983640534632542,2.0833488518608902
HARD,15,2.089505492936567,2.272552490234375,1.2893812813793204,1.8709377214693461
HARD,20,2.134000443979332,2.3073043823242188,1.119343428749616,1.8372301985991868
HARD,30,2.3557327743117895,2.5506973266601562,1.5534543992322796,2.140383181399244
HARD,40,2.3557327743117895,2.41619873046875,1.5546050231675679,2.095971420148217
HARD,1,0.0,0.0,0.0,0.0
HARD,5,1.7723686182270058,1.2793121337890625,-0.5936822732293905,0.7814057901276072
HARD,10,3.3535839232689426,3.15765380859375,1.4989405140363488,2.6403030380769223
HARD,15,3.792167384515011,3.9336700439453125,2.106207293420553,3.2502529106426152
HARD,20,3.7385362369136743,3.8229904174804688,2.1287683925962284,3.2042347041042945
HARD,30,4.010037090273713,4.3187103271484375,1.8924902425547998,3.3730292105177
HARD,40,4.010037090273713,4.147453308105469,1.891328803273737,3.3155620397503753
HARD,1,0.0,0.0,0.0,0.0
HARD,5,1.5670803655082892,-1.6257247924804688,-0.2256520538646214,-0.12310238528544915
HARD,10,1.571944237582528,0.2790374755859375,0.2452835190165672,0.6776333607247409
HARD,15,1.8992410228652403,1.4227371215820312,0.20364150173418238,1.1480441087881843
HARD,20,1.8732666782311043,1.1808547973632812,0.5964998553627225,1.1964681115428846
HARD,30,2.0152397104199338,1.3088226318359375,1.4043488123330405,1.5664268400635848
HARD,40,2.0152397104199338,1.2272262573242188,1.405651671640058,1.5396948360542524
HARD,1,0.0,0.0,0.0,0.0
HARD,5,4.001744963136275,4.029052734375,5.673154339518646,4.594821715432403
HARD,10,5.723392529315589,5.2835235595703125,3.4219883564298357,4.772738409623145
HARD,15,5.63100424115089,4.74993896484375,1.925297058951486,4.042694235889712
HARD,20,6.748214955932298,4.8680267333984375,2.0401701862230937,4.476796421939639
HARD,30,7.346487049989037,5.413482666015625,1.7834525076628722,4.758743539408044
HARD,40,7.346487049989037,5.3593597412109375,1.7846031315981747,4.741112263712921
HARD,1,0.0,0.0,0.0,0.0
HARD,5,0.7418293720191258,0.275238037109375,1.338772762067066,0.7949327260738812
HARD,10,1.4129583208808185,0.983673095703125,1.61465418156628,1.3403951966891299
HARD,15,1.506730986112018,1.1220855712890625,1.783531129780954,1.4752823438506937
HARD,20,1.7032501305374836,1.2478179931640625,1.8289952332488042,1.5954384476697214
HARD,30,2.3551141603723806,1.3910369873046875,1.8368441223621375,1.8528121939361313
HARD,40,2.3551141603723806,1.1982040405273438,1.8379947462974258,1.7889639265094388
HARD,1,0.0,0.0,0.0,0.0
HARD,5,1.8182872381992041,1.9272842407226562,2.3485265968720057,2.0398658045709936
HARD,10,2.5428368121481952,2.3670501708984375,-0.5457161868591811,1.405148702958698
HARD,15,2.5580157001993484,2.4948654174804688,-2.958010980264447,0.6097157652845198
HARD,20,2.7661675602850124,3.1910781860351562,-1.97035694318636,1.2528376193411503
HARD,30,3.494911752260265,3.9485244750976562,-1.1133991288504177,2.0359419928251015
HARD,40,3.494911752260265,3.7968978881835938,-1.1135744464235842,1.9853600575829802
HARD,1,0.0,0.0,0.0,0.0
HARD,5,1.7809409689070321,0.31514739990234375,-1.500180842410046,0.1461514815610201
HARD,10,2.3372532381573023,0.08344268798828125,-0.5143711945942897,0.5899664372650619
HARD,15,2.288406431704729,0.42739105224609375,-0.8408615999755398,0.5749890049494013
HARD,20,2.202625906164428,0.777557373046875,-0.9673861723113504,0.620226568486288
HARD,30,2.905064613108081,1.3094406127929688,-0.6042741318887863,1.1472794340198078
HARD,40,2.905064613108081,1.234832763671875,-0.6031235079535122,1.1228227569276612
HARD,1,0.0,0.0,0.0,0.0
HARD,5,1.9633588659482655,2.3817138671875,-0.7070969261852298,1.169713727608297
HARD,10,3.102016830033037,2.3198928833007812,0.9739851825801367,2.0979013565016658
HARD,15,3.1420227021284433,2.6731414794921875,0.5402132034905236,2.0767425559120625
HARD,20,3.184368177166448,2.825347900390625,0.6480722546184694,2.1785827149892327
HARD,30,3.742554112943054,3.12811279296875,0.909239492891345,2.5478884165354714
HARD,40,3.742554112943054,2.9756546020507812,0.9103901168266191,2.4974926720856985
HARD,1,0.0,0.0,0.0,0.0
HARD,5,-1.2244397812851986,0.3951416015625,-1.195636673972814,-0.6747455388266559
HARD,10,-2.398194000463292,-0.9354248046875,-2.2094579648922235,-1.844868857495058
HARD,15,-3.8214581507208294,-1.0543975830078125,-3.315145693342572,-2.7225954437066235
HARD,20,-3.743148064994159,-0.6068801879882812,-2.1290006251910256,-2.1341993191952042
HARD,30,-3.5590097423350784,-0.68548583984375,-0.8859004419740018,-1.6676116211702663
HARD,40,-3.5590097423350784,-0.9537811279296875,-0.8810531763023732,-1.755311715438097
HARD,1,0.0,0.0,0.0,0.0
HARD,5,1.1130643809138974,2.7025604248046875,0.45286982997745895,1.412003775565438
HARD,10,3.756573010606246,3.7493438720703125,1.184893651484444,2.855638633524123
HARD,15,4.427318066723558,3.9513626098632812,1.5821763727771696,3.2746623823556433
HARD,20,3.9341594002504934,3.4564895629882812,1.5951212929262653,2.9577613376354464
HARD,30,3.9022394583697206,2.8416900634765625,1.7133118994050278,2.7840784295740093
HARD,40,3.9022394583697206,2.5985031127929688,1.7137237864808839,2.7031945299818716
HARD,1,0.0,0.0,0.0,0.0
HARD,5,1.009261733425035,0.43549346923828125,0.7338201885322206,0.7218498277975698
HARD,10,2.892854371708154,2.6636810302734375,2.6481241926117747,2.7309888674092235
HARD,15,2.9699012249908208,2.756561279296875,2.7931043102226027,2.837046651184181
HARD,20,3.085167993774931,2.9739913940429688,3.288896228637384,3.119306036500248
HARD,30,2.921521341348864,3.214508056640625,3.48375656925883,3.2155828241048425
HARD,40,2.921521341348864,2.88970947265625,3.4886659875234045,3.1090780310612303
HARD,1,0.0,0.0,0.0,0.0
HARD,5,1.6564667832760023,2.5501861572265625,0.614861740145443,1.5903173520449343
HARD,10,2.441459946107571,3.912384033203125,1.3484963755755501,2.5496858949892527
HARD,15,2.1129814399995297,4.199119567871094,1.6019301774229149,2.6295072834768405
HARD,20,2.1315589370280463,4.608238220214844,1.420343306520195,2.7082738045398145
HARD,30,3.3031030398138626,4.949394226074219,1.4882581310902623,3.2175398204306163
HARD,40,3.3031030398138626,4.746070861816406,1.4894087550255506,3.150196235714944
HARD,1,0.0,0.0,0.0,0.0
HARD,5,-0.11733311143309777,-2.5414962768554688,1.2416822025156904,-0.4502136544539326
HARD,10,1.2070241514892501,-1.445770263671875,1.9778227399923907,0.5924470733496605
HARD,15,1.1231053487625644,-1.252197265625,1.7539799793276813,0.5520977699724199
HARD,20,1.662976526368709,-0.9232330322265625,2.045345606689523,0.9348705637733872
HARD,30,2.7198121335799783,-0.070709228515625,2.5526164877596926,1.731617388953694
HARD,40,2.7198121335799783,-0.24853515625,2.5537978204257996,1.672780061189684
HARD,1,0.0,0.0,0.0,0.0
HARD,5,1.116084710636514,0.1011962890625,0.16471128529990153,0.4455297606826747
HARD,10,1.7995498171218571,-0.29344940185546875,0.9314057865054082,0.798857312980445
HARD,15,2.3722974616989774,0.5831298828125,1.150538768716686,1.349288718996732
HARD,20,2.489773523131902,0.9359207153320312,1.0643924220830456,1.474025488666797
HARD,30,3.3238370826468326,1.0988922119140625,1.2162664983827796,1.8461349738854693
HARD,40,3.3238370826468326,1.0490341186523438,1.2174171223180537,1.8299247035463537
HARD,1,0.0,0.0,0.0,0.0
HARD,5,2.3430393811804464,-1.824066162109375,0.03580807091405802,0.14846598798831678
HARD,10,4.12908446753525,-1.2860794067382812,0.5895281916437085,1.0881035229668612
HARD,15,4.96309405153761,-0.4639892578125,0.8264607427171313,1.7095273673761398
HARD,20,5.5427657395272405,-0.341888427734375,0.7520566523294292,1.908211138392275
HARD,30,5.883680615391398,-0.07381439208984375,0.5227893672751236,2.0256386528190404
HARD,40,5.883680615391398,-0.303924560546875,0.5239399912104119,1.9493699342840216
HARD,1,0.0,0.0,0.0,0.0
HARD,5,0.6348265478638666,0.07523345947265625,0.4396408223508388,0.3801784773599337
HARD,10,0.48353849411505223,0.962188720703125,0.678423385574277,0.7111119868857685
HARD,15,-0.011045417005661307,0.40271759033203125,0.7163722220301167,0.3809712012508868
HARD,20,-0.14041602408327947,0.38482666015625,0.9025504380158509,0.39899508593676103
HARD,30,0.5021591305317656,1.0277862548828125,1.146956787341722,0.9025811059618007
HARD,40,0.5021591305317656,0.8291473388671875,1.1482596466487394,0.8368515292032299
HARD,1,0.0,0.0,0.0,0.0
HARD,5,-0.8310855459105682,1.7355422973632812,-1.080206517245557,-0.06294814243260305
HARD,10,1.6330767644730457,2.9384765625,-0.27530476343660837,1.4012504522906397
HARD,15,2.339108516012871,3.3638153076171875,0.2666411689186958,1.9564273293432137
HARD,20,1.9474389861286312,3.218963623046875,0.36663908771343756,1.8187803514664296
HARD,30,1.9575459432643072,3.2562332153320312,0.4915839043582366,1.8780611622615595
HARD,40,1.9575459432643072,2.947296142578125,0.4916320574618851,1.775142798975068
HARD,1,0.0,0.0,0.0,0.0
HARD,5,0.44257783656141214,2.9193496704101562,0.5944119505221437,1.320866719324556
HARD,10,3.2840250674229026,3.2299728393554688,1.846589235401595,2.7637859117504036
HARD,15,3.989150565855809,2.1199417114257812,2.208913716128947,2.744344630545953
HARD,20,3.223837661768144,1.5988693237304688,2.161960075269377,2.3113999728203964
HARD,30,2.9926336607757804,1.0801239013671875,2.2750450519062184,2.104681646730654
HARD,40,2.9926336607757804,0.8369369506835938,2.2754569389820887,2.0237977471385307
HARD,1,0.0,0.0,0.0,0.0
HARD,5,0.3227962873135226,-3.7521743774414062,-1.1220422283654727,-1.5397649084310672
HARD,10,-2.053557565485349,-6.584197998046875,-2.955291018328211,-3.878187146650262
HARD,15,-2.922673133214559,-6.8520050048828125,-3.0490095661198637,-4.27603388363076
HARD,20,-3.026508978970341,-7.005561828613281,-3.164914413679952,-4.400653153249266
HARD,30,-2.7390247409001063,-6.400138854980469,-2.9641472456011826,-4.037532751519251
HARD,40,-2.7390247409001063,-6.614288330078125,-2.9653086848822596,-4.10929132141284
HARD,1,0.0,0.0,0.0,0.0
HARD,5,1.0336322884530915,-0.43090057373046875,-0.7470352921263554,-0.07648956510792004
HARD,10,1.5025250608771188,-0.41009521484375,-1.412006491961975,-0.1530593428089304
HARD,15,1.4227760297586372,-0.14620208740234375,-1.4476910398665552,-0.10291394530516129
HARD,20,1.3331280143003,-0.0481414794921875,-1.5291041521972062,-0.12714184049481503
HARD,30,1.648097556532548,0.06385040283203125,-1.144680092391397,0.14446417647454268
HARD,40,1.648097556532548,-0.08544158935546875,-1.1435294684561086,0.09512338233381001
HARD,1,0.0,0.0,0.0,0.0
HARD,5,1.0678868747479129,-0.37792205810546875,0.02822491102531899,0.22290553949437708
HARD,10,2.298775794043806,0.9601287841796875,0.9105847037215682,1.3677264027823668
HARD,15,2.5262347096888647,1.475433349609375,1.1231104608227582,1.6858754896823314
HARD,20,2.5503687233391474,1.5357284545898438,1.2947315742270007,1.7735889678820769
HARD,30,2.9317349364923757,1.7956314086914062,1.3378187957362115,1.9962924928978367
HARD,40,2.9317349364923757,1.6827239990234375,1.3389694196714856,1.959074730139747
HARD,1,0.0,0.0,0.0,0.0
HARD,5,0.6541719278852156,1.4628067016601562,0.1138650010685609,0.7348228792907037
HARD,10,1.7485034750760065,2.885711669921875,0.4083004939615904,1.6591545299198316
HARD,15,1.4301571991745305,2.7334747314453125,0.6691164558501583,1.5985094524302923
HARD,20,1.8176728239406827,3.10870361328125,0.6575294069434676,1.8424877262181099
HARD,30,2.109309663359255,3.3125686645507812,0.813549793713733,2.05749637481712
HARD,40,2.109309663359255,3.2161788940429688,0.8132218904838737,2.02526556158557
HARD,1,0.0,0.0,0.0,0.0
HARD,5,5.089156393808366,0.13414764404296875,1.967358063724376,2.3474567241471505
HARD,10,5.955256661939444,-0.6522216796875,-0.9605542083002518,1.3373684366105039
HARD,15,5.018161646133763,-1.269500732421875,-0.8721233916665483,0.8651444795084302
HARD,20,5.384772390179151,-1.2488555908203125,-0.8070287527344249,1.0111349565410848
HARD,30,5.7965599782001505,-0.16872406005859375,-0.7157048396966985,1.5336413934694804
HARD,40,5.7965599782001505,-0.30776214599609375,-0.7148058077349617,1.4876292087315477
HARD,1,0.0,0.0,0.0,0.0
HARD,5,1.460715167575657,0.20635986328125,0.9584310561043594,0.86728037722159
HARD,10,3.900211134124035,2.3485336303710938,2.6915666411889276,2.9609140553526316
HARD,15,4.218857393647241,2.7567596435546875,2.901742923782365,3.2715089165907187
HARD,20,4.5753217079229955,2.9582138061523438,3.0918516422192397,3.518201764400075
HARD,30,5.03237973115759,4.399909973144531,3.081131444424898,4.139894546781619
HARD,40,5.03237973115759,4.2656097412109375,3.0809561268517314,4.095085604676427
HARD,1,0.0,0.0,0.0,0.0
HARD,5,0.6879946877759977,2.0148773193359375,0.1833680527633419,0.9537878175884771
HARD,10,1.4220686822136344,0.8740921020507812,1.444895560732462,1.2474631193119308
HARD,15,1.607438148002032,1.0379409790039062,1.6122310009180012,1.4193611543928313
HARD,20,1.8637449493070335,1.278228759765625,1.6992694163671302,1.6111894369057325
HARD,30,2.895234672093082,1.5450592041015625,2.0423773821823517,2.14738575576429
HARD,40,2.895234672093082,1.4500656127929688,2.04352800611764,2.1161367239113105
HARD,1,0.0,0.0,0.0,0.0
HARD,5,1.5843580286730088,-0.1258544921875,3.5976915662677555,1.7179736610761722
HARD,10,2.3138567082684176,0.1931915283203125,2.8399570268825585,1.791084775186249
HARD,15,1.9952831034076297,0.7333526611328125,2.2070854590128164,1.6488208560641908
HARD,20,2.180841700635341,1.0744400024414062,2.311142712049815,1.8577243341928806
HARD,30,3.387614466190854,1.7389450073242188,0.8584273543010141,1.9546127038014731
HARD,40,3.387614466190854,1.57135009765625,0.8595779782362882,1.8991735342598304
HARD,1,0.0,0.0,0.0,0.0
HARD,5,0.8628286173716901,-0.2710723876953125,1.1123216272135465,0.5721935173411481
HARD,10,-0.4576642783334677,1.1556930541992188,1.9997763073951376,0.9385040819047674
HARD,15,-0.5279155096268937,1.18035888671875,1.7073688568994356,0.8222586687067377
HARD,20,-0.6076091518209097,1.193084716796875,1.513290736729914,0.7333933153677634
HARD,30,-0.3933408968683949,1.29443359375,1.6163908089214658,0.8711964619965897
HARD,40,-0.3933408968683949,1.1375274658203125,1.6175414328567541,0.8193187030162932
HARD,1,0.0,0.0,0.0,0.0
HARD,5,4.120234922578149,2.5773086547851562,6.403402539988008,4.403866927970512
HARD,10,5.676825228579645,5.8856658935546875,0.3131250260740188,3.8723720901002565
HARD,15,4.218024738022564,4.3422088623046875,-0.7944685431564977,2.508073857860822
HARD,20,5.3566510647552406,7.890899658203125,0.0733244304730647,4.35508586714694
HARD,30,5.772626244309663,8.040267944335938,0.15244837116098608,4.564536588492686
HARD,40,5.772626244309663,7.9576263427734375,0.1535989950962744,4.537403133869432
HARD,1,0.0,0.0,0.0,0.0
HARD,5,2.800044004211017,0.69024658203125,1.4587344088612895,1.6284339444549403
HARD,10,4.868310517105613,0.8210983276367188,1.6471231676420075,2.3943551030271664
HARD,15,4.779471803564505,0.998931884765625,1.8939488713749455,2.511647964174216
HARD,20,4.942469527601332,0.883026123046875,1.928532911291157,2.536850646045565
HARD,30,5.033466561455796,0.86541748046875,1.976490930913684,2.5766236860721534
HARD,40,5.033466561455796,0.682373046875,1.9761630276838247,2.5155202810091737
HARD,1,0.0,0.0,0.0,0.0
HARD,5,1.1365051173114296,2.075927734375,0.8190836434538369,1.3386079821211467
HARD,10,2.479526931321246,2.4742889404296875,2.5952260811122017,2.518206102222308
HARD,15,2.372396342308704,2.3382644653320312,3.1176071099149,2.621395006964619
HARD,20,2.17999876925478,2.3062591552734375,2.9214630810757853,2.481129778856598
HARD,30,2.407985993167955,2.6800003051757812,2.4406773255369387,2.510040942039936
HARD,40,2.407985993167955,2.4102706909179688,2.44062791288124,2.420152079490407
HARD,1,0.0,0.0,0.0,0.0
HARD,5,5.9477350028048335,4.640541076660156,9.571244195842795,6.778216409341468
HARD,10,5.804728711817361,3.3403396606445312,3.5106363833211276,4.182076538456997
HARD,15,4.995482928065314,2.4163436889648438,1.4006152446824274,2.880115715375041
HARD,20,5.271965650183034,2.6563644409179688,0.75023488961277,2.8206105379948525
HARD,30,6.181060807819577,2.8361892700195312,0.33263349883762316,3.0231811340503896
HARD,40,6.181060807819577,2.606353759765625,0.33378412277289726,2.947003929277116
