compound,tyre_age,lightgbm_s,xgboost_s,catboost_s,ensemble_s,lightgbm_deg_s,xgboost_deg_s,catboost_deg_s,ensemble_deg_s
SOFT,1,76.18672176758994,84.99330139160156,78.829504228057,80.04436728540904,0.0,0.0,0.0,0.0
SOFT,2,76.18672176758994,84.99330139160156,78.829504228057,80.04436728540904,0.0,0.0,0.0,0.0
SOFT,3,81.09144667279672,91.56600189208984,79.49852752358787,84.02492465853125,4.904724905206777,6.572700500488281,0.669023295530863,3.9805573731222097
SOFT,4,80.32266261367012,90.12728118896484,79.15397900071531,83.18114819456846,4.1359408460801745,5.133979797363281,0.3244747726583057,3.1367809091594268
SOFT,5,78.86561781056791,87.73130798339844,79.05346094040237,81.88522086706844,2.678896042977968,2.738006591796875,0.22395671234536962,1.8408535816594025
SOFT,6,79.27710233551645,88.65635681152344,79.2102041485297,82.37881589457311,3.090380567926502,3.663055419921875,0.3806999204726935,2.3344486091640704
SOFT,7,79.27213781602987,88.62218475341797,79.45797272791656,82.45242274312423,3.0854160484399245,3.6288833618164062,0.6284684998595509,2.408055457715193
SOFT,8,79.30088675186016,88.38623046875,79.95059581441923,82.5550490191707,3.114164984270218,3.3929290771484375,1.1210915863622262,2.5106817337616576
SOFT,9,79.3107893953285,88.48723602294922,80.51713974130014,82.78979270746967,3.1240676277385546,3.4939346313476562,1.687635513243137,2.7454254220606344
SOFT,10,79.41796306709537,88.2766342163086,80.8037710860676,82.85378749015621,3.2312412995054274,3.2833328247070312,1.9742668580105942,2.8094202047471697
SOFT,11,79.31794496439363,88.14964294433594,80.83743514167136,82.79148971277664,3.1312231968036883,3.156341552734375,2.0079309136143593,2.7471224273676
SOFT,12,79.31794496439363,88.051025390625,80.91434870841351,82.78550421784598,3.1312231968036883,3.0577239990234375,2.0848444803565087,2.7411369324369446
SOFT,13,79.28194520408745,88.01344299316406,80.89370937060748,82.75434395405978,3.0952234364975055,3.0201416015625,2.0642051425504775,2.7099766686507394
SOFT,14,79.38546866853207,88.03146362304688,80.95231484033616,82.81368459194705,3.198746900942126,3.0381622314453125,2.122810612279153,2.7693173065380137
SOFT,15,79.38546866853207,88.00774383544922,80.9657569060728,82.81047791984867,3.198746900942126,3.0144424438476562,2.1362526780157935,2.7661106344396273
SOFT,16,79.3669519397979,88.00684356689453,80.94490502983491,82.79701496160548,3.1802301722079562,3.0135421752929688,2.115400801777909,2.752647676196446
SOFT,17,79.27995635073621,87.98772430419922,80.83671801273965,82.72523105560839,3.0932345831462698,2.9944229125976562,2.007213784682648,2.680863770199352
SOFT,18,79.27995635073621,87.98413848876953,80.80142600751196,82.71170552779577,3.0932345831462698,2.9908370971679688,1.9719217794549593,2.667338242386734
SOFT,19,79.27995635073621,87.99754333496094,80.83615754562861,82.7283068495401,3.0932345831462698,3.004241943359375,2.0066533175716046,2.683939564131066
SOFT,20,79.28531530868688,88.04325103759766,80.83485743285729,82.74478303385764,3.098593541096932,3.0499496459960938,2.0053532048002864,2.7004157484486058
SOFT,21,79.28652494109058,88.04582214355469,81.1451920672113,82.85445228002342,3.099803173500632,3.052520751953125,2.315687839154293,2.8100849946143853
SOFT,22,79.29765166960621,88.10579681396484,81.15368450695757,82.88093432360478,3.1109299020162666,3.1124954223632812,2.3241802789005703,2.8365670381957386
SOFT,23,79.28583107977103,88.21467590332031,81.1571689724502,82.91467730627546,3.099109312181085,3.22137451171875,2.3276647443931893,2.8703100208664267
SOFT,24,79.23864232947244,88.20028686523438,81.17744942774475,82.90199037917816,3.051920561882497,3.2069854736328125,2.347945199687743,2.8576230937691207
SOFT,25,79.33778139213365,88.19182586669922,81.1791557981269,82.93123576280952,3.1510596245437057,3.1985244750976562,2.349651570069895,2.8868684774004834
SOFT,26,79.73360302525002,88.45633697509766,81.20604623799586,83.15440403133132,3.5468812576600754,3.4630355834960938,2.3765420099388592,3.1100367459222866
SOFT,27,79.73360302525002,88.45633697509766,81.19427078726154,83.15028977620119,3.5468812576600754,3.4630355834960938,2.36476655920454,3.105922490792153
SOFT,28,79.82732124932113,88.45633697509766,81.18022732174599,83.17513075548747,3.6405994817311864,3.4630355834960938,2.350723093688984,3.130763470078435
SOFT,29,79.82732124932113,88.45633697509766,81.17834637158323,83.17447356545448,3.6405994817311864,3.4630355834960938,2.3488421435262268,3.130106280045439
SOFT,30,79.82732124932113,88.45633697509766,81.17834637158323,83.17447356545448,3.6405994817311864,3.4630355834960938,2.3488421435262268,3.130106280045439
SOFT,31,79.82732124932113,88.45633697509766,81.17834637158323,83.17447356545448,3.6405994817311864,3.4630355834960938,2.3488421435262268,3.130106280045439
SOFT,32,79.82732124932113,88.42414855957031,81.17834637158323,83.16374866098744,3.6405994817311864,3.43084716796875,2.3488421435262268,3.1193813755783992
SOFT,33,79.82732124932113,88.37214660644531,81.17834637158323,83.14642205542985,3.6405994817311864,3.37884521484375,2.3488421435262268,3.102054770020814
SOFT,34,79.82732124932113,88.39093017578125,81.17834637158323,83.15268057991382,3.6405994817311864,3.3976287841796875,2.3488421435262268,3.108313294504782
SOFT,35,79.82732124932113,88.2889633178711,81.17949699551852,83.11910811533203,3.6405994817311864,3.2956619262695312,2.349992767461515,3.0747408299229875
SOFT,36,79.82732124932113,88.2889633178711,81.17949699551852,83.11910811533203,3.6405994817311864,3.2956619262695312,2.349992767461515,3.0747408299229875
SOFT,37,79.82732124932113,88.2889633178711,81.17949699551852,83.11910811533203,3.6405994817311864,3.2956619262695312,2.349992767461515,3.0747408299229875
SOFT,38,79.82732124932113,88.2889633178711,81.17949699551852,83.11910811533203,3.6405994817311864,3.2956619262695312,2.349992767461515,3.0747408299229875
SOFT,39,79.82732124932113,88.2889633178711,81.17949699551852,83.11910811533203,3.6405994817311864,3.2956619262695312,2.349992767461515,3.0747408299229875
SOFT,40,79.82732124932113,88.2889633178711,81.17949699551852,83.11910811533203,3.6405994817311864,3.2956619262695312,2.349992767461515,3.0747408299229875
MEDIUM,1,85.42057426994839,88.4102554321289,83.84032829887495,85.86458421731467,0.0,0.0,0.0,0.0
MEDIUM,2,85.42057426994839,88.4102554321289,83.84032829887495,85.86458421731467,0.0,0.0,0.0,0.0
MEDIUM,3,92.91531573740498,94.87496948242188,85.27558798170655,90.89899138498453,7.494741467456592,6.464714050292969,1.4352596828315995,5.034407167669855
MEDIUM,4,90.76171525033115,92.96018981933594,84.91728346519123,89.45222704542712,5.341140980382761,4.549934387207031,1.0769551663162815,3.5876428281124504
MEDIUM,5,89.11980548274938,91.80326080322266,84.83290478352154,88.51609851882645,3.6992312128009956,3.39300537109375,0.992576484646591,2.6515143015117815
MEDIUM,6,89.62355927342998,92.86742401123047,85.52523148593055,89.27246190574428,4.2029850034815865,4.4571685791015625,1.6849031870555962,3.4078776884296076
MEDIUM,7,89.71219394882142,93.06788635253906,85.76123118507913,89.44984484805748,4.291619678873033,4.657630920410156,1.9209028862041748,3.585260630742809
MEDIUM,8,89.58403230415871,92.55852508544922,86.667453807663,89.55607694228101,4.163458034210322,4.1482696533203125,2.8271255087880434,3.691492724966338
MEDIUM,9,89.65690735859519,92.57341766357422,87.28259828467672,89.79909764544792,4.236333088646802,4.1631622314453125,3.4422699858017722,3.9345134281332435
MEDIUM,10,89.92128530958173,92.33006286621094,87.47266752553273,89.86834047966686,4.5007110396333445,3.9198074340820312,3.632339226657777,4.003756262352184
MEDIUM,11,89.90237265137671,92.38456726074219,87.70959287398497,89.96327765644682,4.4817983814283195,3.9743118286132812,3.869264575110023,4.098693439132148
MEDIUM,12,89.88983988975203,92.31795501708984,87.72202396250894,89.94144825846837,4.469265619803636,3.9076995849609375,3.881695663633991,4.076864041153698
MEDIUM,13,89.89923281737629,92.25716400146484,87.73170352439905,89.92755664497997,4.478658547427898,3.8469085693359375,3.8913752255241008,4.062972427665301
MEDIUM,14,89.91114586081616,92.26922607421875,87.77422779478123,89.95021467931488,4.4905715908677735,3.8589706420898438,3.9338994959062745,4.085630462000211
MEDIUM,15,90.03017373657647,92.26099395751953,87.76276622542525,89.98124857106129,4.609599466628083,3.850738525390625,3.9224379265503018,4.116664353746614
MEDIUM,16,90.03353443781572,92.2551498413086,87.7365854925207,89.97122074799873,4.612960167867328,3.8448944091796875,3.896257193645752,4.106636530684057
MEDIUM,17,90.02203683668176,92.23603057861328,87.66042395328849,89.93459057422605,4.601462566733375,3.825775146484375,3.820095654413535,4.070006356911378
MEDIUM,18,90.02665040838217,92.2324447631836,87.61995944014545,89.92072223190368,4.606076138433778,3.8221893310546875,3.7796311412704995,4.05613801458901
MEDIUM,19,90.02665040838217,92.245849609375,87.63488735404404,89.93040431425985,4.606076138433778,3.8355941772460938,3.7945590551690884,4.065820096945174
MEDIUM,20,90.20176802232687,92.29192352294922,87.6436515906693,90.00440303613185,4.781193752378485,3.8816680908203125,3.8033232917943423,4.139818818817176
MEDIUM,21,90.32970454528242,92.29449462890625,87.8440861357635,90.1158991465881,4.909130275334036,3.8842391967773438,4.003757836888553,4.251314929273434
MEDIUM,22,90.32970454528242,92.48759460449219,87.85257857550978,90.18320560064066,4.909130275334036,4.077339172363281,4.0122502766348305,4.31862138332599
MEDIUM,23,90.28257777301498,92.60401153564453,87.84890749179911,90.20575328534986,4.862003503066589,4.193756103515625,4.008579192924159,4.341169068035185
MEDIUM,24,90.28257777301498,92.55874633789062,87.84987788542136,90.19101035733676,4.862003503066589,4.148490905761719,4.009549586546413,4.326426140022093
MEDIUM,25,90.27648000484547,92.587158203125,87.96520987634233,90.23883756055405,4.855905734897078,4.176902770996094,4.124881577467377,4.374253343239374
MEDIUM,26,90.48558041235974,92.82193756103516,87.98424428417941,90.3900863242072,5.065006142411349,4.41168212890625,4.14391598530446,4.525502106892532
MEDIUM,27,90.43369294971333,92.82193756103516,87.97626568216398,90.37082875003672,5.013118679764943,4.41168212890625,4.135937383289033,4.50624453272205
MEDIUM,28,90.4789512560536,92.83391571044922,87.9369914464156,90.37546334992378,5.058376986105216,4.4236602783203125,4.096663147540653,4.510879132609105
MEDIUM,29,90.4789512560536,92.83391571044922,87.93646686199637,90.37528006401934,5.058376986105216,4.4236602783203125,4.096138563121414,4.510695846704664
MEDIUM,30,90.4789512560536,92.77914428710938,87.93646686199637,90.35703069469747,5.058376986105216,4.368888854980469,4.096138563121414,4.492446477382799
MEDIUM,31,90.4789512560536,92.77914428710938,87.93646686199637,90.35703069469747,5.058376986105216,4.368888854980469,4.096138563121414,4.492446477382799
MEDIUM,32,90.4789512560536,92.75067901611328,87.93646686199637,90.34754631011188,5.058376986105216,4.340423583984375,4.096138563121414,4.482962092797209
MEDIUM,33,90.4789512560536,92.69867706298828,87.93646686199637,90.33021970455431,5.058376986105216,4.288421630859375,4.096138563121414,4.465635487239638
MEDIUM,34,90.4789512560536,92.71746063232422,87.93646686199637,90.33647822903828,5.058376986105216,4.3072052001953125,4.096138563121414,4.471894011723606
MEDIUM,35,90.4789512560536,92.61714935302734,87.93761748593164,90.3034573890759,5.058376986105216,4.2068939208984375,4.097289187056688,4.43887317176123
MEDIUM,36,90.4789512560536,92.61714935302734,87.93761748593164,90.3034573890759,5.058376986105216,4.2068939208984375,4.097289187056688,4.43887317176123
MEDIUM,37,90.4789512560536,92.61714935302734,87.93761748593164,90.3034573890759,5.058376986105216,4.2068939208984375,4.097289187056688,4.43887317176123
MEDIUM,38,90.4789512560536,92.61714935302734,87.93761748593164,90.3034573890759,5.058376986105216,4.2068939208984375,4.097289187056688,4.43887317176123
MEDIUM,39,90.4789512560536,92.61714935302734,87.93761748593164,90.3034573890759,5.058376986105216,4.2068939208984375,4.097289187056688,4.43887317176123
MEDIUM,40,90.4789512560536,92.61714935302734,87.93761748593164,90.3034573890759,5.058376986105216,4.2068939208984375,4.097289187056688,4.43887317176123
HARD,1,80.47631815109636,91.58550262451172,80.10554922169557,84.04825939106863,0.0,0.0,0.0,0.0
HARD,2,80.47631815109636,91.58550262451172,80.10554922169557,84.04825939106863,0.0,0.0,0.0,0.0
HARD,3,86.67684774101332,96.8218994140625,80.81718289790632,88.00976867374246,6.200529589916954,5.236396789550781,0.7116336762107522,3.9615092826738305
HARD,4,84.00658079422536,94.72232055664062,80.56880960332813,86.37584178749604,3.5302626431289923,3.1368179321289062,0.46326038163256555,2.3275823964274167
HARD,5,83.06731246685885,93.84210205078125,80.52529496458446,85.76921804872624,2.5909943157624866,2.2565994262695312,0.41974574288889244,1.7209586576576186
HARD,6,83.43245653013778,94.58224487304688,80.66916469165803,86.18199687634166,2.9561383790414197,2.9967422485351562,0.5636154699624569,2.1337374852730306
HARD,7,83.0852547743822,94.07250213623047,80.82382452016911,85.95598457179041,2.608936623285828,2.48699951171875,0.718275298473543,1.9077251807217834
HARD,8,82.70892811112266,94.04377746582031,81.34373581035108,86.00861480866486,2.232609960026295,2.4582748413085938,1.238186588655509,1.960355417596233
HARD,9,82.72911657433836,94.31751251220703,81.82172028921825,86.27323335430893,2.252798423241998,2.7320098876953125,1.71617106752268,2.224973963240302
HARD,10,82.7399869702444,94.22358703613281,82.69903016685485,86.55191419011474,2.2636688191480374,2.6380844116210938,2.5934809451592855,2.5036547990461173
HARD,11,82.7815951598808,94.2022933959961,82.87271501183385,86.61871063217862,2.3052770087844294,2.616790771484375,2.7671657901382787,2.5704512411099927
HARD,12,82.83216973463665,94.11516571044922,82.84772683847254,86.59700292913503,2.355851583540286,2.5296630859375,2.7421776167769707,2.548743538066404
HARD,13,82.67689534313287,94.0870590209961,82.86035097546608,86.54276222748427,2.200577192036505,2.501556396484375,2.754801753770508,2.4945028364156485
HARD,14,82.6674343651226,94.0986557006836,82.88640634150586,86.55272662786243,2.1911162140262377,2.513153076171875,2.7808571198102925,2.5044672367938006
HARD,15,82.82988856314164,94.15203094482422,82.91408323005057,86.63174646026562,2.353570412045272,2.5665283203125,2.8085340083549966,2.583487069196991
HARD,16,82.82988856314164,94.15203094482422,82.88853746556278,86.6228209596654,2.353570412045272,2.5665283203125,2.7829882438672087,2.5745615685967778
HARD,17,82.84093541232549,94.18115997314453,82.74799165205106,86.58692728437163,2.364617261229128,2.5956573486328125,2.642442430355487,2.538667893303
HARD,18,82.89502172064573,94.18683624267578,82.70651075000089,86.59149330790234,2.418703569549365,2.6013336181640625,2.6009615283053193,2.5432339168337137
HARD,19,82.93568489105786,94.17654418945312,82.71838538193347,86.60512013228495,2.459366739961496,2.5910415649414062,2.6128361602379044,2.556860741216326
HARD,20,83.04011122662214,94.48442077636719,82.68610858234777,86.72957128843855,2.56379307552578,2.8989181518554688,2.5805593606522024,2.6813118973699233
HARD,21,83.0434057018739,94.44416046142578,82.873265268358,86.7825937729528,2.5670875507775293,2.8586578369140625,2.7677160466624287,2.7343343818841674
HARD,22,83.0434057018739,94.60832977294922,82.87768586263897,86.83883810483609,2.5670875507775293,3.0228271484375,2.772136640943401,2.7905787137674594
HARD,23,82.99224717724964,94.80530548095703,82.87495829018945,86.88727719748464,2.515929026153273,3.2198028564453125,2.7694090684938857,2.8390178064160096
HARD,24,83.12082677338121,94.64802551269531,82.83808822402973,86.86280394958372,2.644508622284846,3.0625228881835938,2.732539002334164,2.814544558515095
HARD,25,83.20827846122442,94.67159271240234,83.10299947296011,86.99097292709408,2.731960310128059,3.086090087890625,2.9974502512645387,2.942713536025451
HARD,26,83.51431926655037,94.90569305419922,83.12854589049942,87.17504112766412,3.0380011154540085,3.3201904296875,3.022996668803856,3.1267817365954897
HARD,27,83.51431926655037,94.90569305419922,83.1167704397651,87.17092687253401,3.0380011154540085,3.3201904296875,3.0112212180695366,3.1226674814653848
HARD,28,83.51431926655037,94.91767120361328,83.09720971093128,87.16808351582296,3.0380011154540085,3.3321685791015625,2.991660489235713,3.119824124754331
HARD,29,83.51431926655037,94.91767120361328,83.09242533702118,87.16641189107175,3.0380011154540085,3.3321685791015625,2.9868761153256145,3.11815250000312
HARD,30,83.51431926655037,94.86289978027344,83.09242533702118,87.14816252174988,3.0380011154540085,3.2773971557617188,2.9868761153256145,3.0999031306812554
HARD,31,83.51431926655037,94.86289978027344,83.09242533702118,87.14816252174988,3.0380011154540085,3.2773971557617188,2.9868761153256145,3.0999031306812554
HARD,32,83.51431926655037,94.83214569091797,83.09242533702118,87.13791552248307,3.0380011154540085,3.24664306640625,2.9868761153256145,3.0896561314144435
HARD,33,83.51431926655037,94.78014373779297,83.09242533702118,87.12058891692548,3.0380011154540085,3.19464111328125,2.9868761153256145,3.0723295258568584
HARD,34,83.51431926655037,94.7989273071289,83.09242533702118,87.12684744140947,3.0380011154540085,3.2134246826171875,2.9868761153256145,3.0785880503408407
HARD,35,83.51431926655037,94.69175720214844,83.09357596095647,87.09154129945233,3.0380011154540085,3.1062545776367188,2.988026739260903,3.0432819083837046
HARD,36,83.51431926655037,94.69175720214844,83.09357596095647,87.09154129945233,3.0380011154540085,3.1062545776367188,2.988026739260903,3.0432819083837046
HARD,37,83.51431926655037,94.69175720214844,83.09357596095647,87.09154129945233,3.0380011154540085,3.1062545776367188,2.988026739260903,3.0432819083837046
HARD,38,83.51431926655037,94.69175720214844,83.09357596095647,87.09154129945233,3.0380011154540085,3.1062545776367188,2.988026739260903,3.0432819083837046
HARD,39,83.51431926655037,94.69175720214844,83.09357596095647,87.09154129945233,3.0380011154540085,3.1062545776367188,2.988026739260903,3.0432819083837046
HARD,40,83.51431926655037,94.69175720214844,83.09357596095647,87.09154129945233,3.0380011154540085,3.1062545776367188,2.988026739260903,3.0432819083837046
