Compound,TyreAge,LightGBM_s,XGBoost_s,CatBoost_s,LightGBM_Degradation_s,XGBoost_Degradation_s,CatBoost_Degradation_s,Ensemble_s,Ensemble_Degradation_s
SOFT,2,76.07007477937583,85.6833267211914,79.29064183580894,0.0,0.0,0.0,80.39837025854571,0.0
SOFT,3,79.54610162901714,89.63404083251953,79.39021443227932,3.4760268496413147,3.950714111328125,0.09957259647038086,82.85285077190898,2.454480513363265
SOFT,4,79.54071543865606,89.66667175292969,79.36400377102005,3.4706406592802352,3.9833450317382812,0.07336193521111056,82.85285564172182,2.454485383176106
SOFT,5,78.38689462354444,88.18317413330078,79.35520492370655,2.316819844168606,2.499847412109375,0.06456308789761067,81.98925151910694,1.5908812605612326
SOFT,6,79.13160042864024,88.982177734375,79.66951110237285,3.0615256492644107,3.2988510131835938,0.3788692665639104,82.60167044839775,2.203300189852044
SOFT,7,79.16325170474796,89.03535461425781,79.80144451526306,3.093176925372134,3.3520278930664062,0.5108026794541161,82.67553170603468,2.2771614474889645
SOFT,8,79.23869655434888,89.17137908935547,79.91756079734108,3.1686217749730474,3.4880523681640625,0.6269189615321409,82.78537146497376,2.387001206428053
SOFT,9,79.35741352906504,89.2535400390625,80.10292508034462,3.287338749689212,3.5702133178710938,0.8122832445356778,82.91519436022863,2.5168241016829143
SOFT,10,79.43334392057052,89.30553436279297,80.25020351318895,3.3632691411946922,3.6222076416015625,0.9595616773800089,83.00807793523097,2.609707676685261
SOFT,11,79.47142067317401,89.30184936523438,80.43790911622517,3.4013458937981795,3.6185226440429688,1.14726728041623,83.08451924054704,2.6861489820013276
SOFT,12,79.47142067317401,89.30126190185547,80.43861440136206,3.4013458937981795,3.6179351806640625,1.1479725655531183,83.08456992417351,2.6861996656277967
SOFT,13,79.42862825595,89.30126190185547,80.3985844169972,3.3585534765741727,3.6179351806640625,1.1079425811882544,83.05700074754171,2.658630488995996
SOFT,14,79.53215172039462,89.31385040283203,80.41050485620073,3.4620769410187933,3.630523681640625,1.11986302039179,83.098220043254,2.6998497847082916
SOFT,15,79.53215172039462,89.4958724975586,80.43041622844054,3.4620769410187933,3.8125457763671875,1.139774392631594,83.16582513255102,2.7674548740053098
SOFT,16,79.51363499166045,89.48406219482422,80.43397246982079,3.4435602122846234,3.8007354736328125,1.1433306340118463,83.15725505955092,2.758884801005209
SOFT,17,79.42663940259877,89.31999206542969,80.42241377900875,3.356564623222937,3.6366653442382812,1.1317719431998086,83.07093598615535,2.672565727609637
SOFT,18,79.42663940259877,89.38519287109375,80.4142752572667,3.356564623222937,3.7018661499023438,1.123633421457754,83.08981679725383,2.691446538708121
SOFT,19,79.42663940259877,89.35021209716797,80.44025684643728,3.356564623222937,3.6668853759765625,1.149615010628338,83.08723927738687,2.68886901884116
SOFT,20,79.42663940259877,89.38467407226562,80.44355182216228,3.356564623222937,3.7013473510742188,1.152909986353336,83.09987295251173,2.7015026939660203
SOFT,21,79.42784903500247,89.3667984008789,80.55487096800942,3.3577742556266372,3.6834716796875,1.2642291322004837,83.1331949722418,2.734824713696085
SOFT,22,79.4389757635181,89.59010314941406,80.55628261466362,3.3689009841422717,3.9067764282226562,1.2656407788546744,83.21162322289847,2.813252964352756
SOFT,23,79.42715517368292,89.59010314941406,80.55170394912886,3.35708039430709,3.9067764282226562,1.2610621133199231,83.20627142701855,2.8079011684728385
SOFT,24,79.45722404988558,89.58084869384766,80.55281181943397,3.3871492705097523,3.89752197265625,1.2621699836250286,83.2131193451365,2.814749086590794
SOFT,25,79.45722404988558,89.59220886230469,80.54419796711487,3.3871492705097523,3.9088821411132812,1.2535561313059276,83.21389483990612,2.815524581360407
SOFT,26,79.79679250078273,89.59435272216797,80.55362156154057,3.7267177214068994,3.9110260009765625,1.2629797257316255,83.32568614232548,2.9273158837797695
SOFT,27,79.79679250078273,89.6126708984375,80.54184611080625,3.7267177214068994,3.9293441772460938,1.2512042749973062,83.32767534669415,2.929305088148439
SOFT,28,79.89051072485384,89.6126708984375,80.5229418757028,3.8204359454780104,3.9293441772460938,1.2323000398938575,83.35081800914614,2.9524477506004274
SOFT,29,79.89051072485384,89.6126708984375,80.52106092554004,3.8204359454780104,3.9293441772460938,1.2304190897311003,83.35016081911314,2.9517905605674315
SOFT,30,79.89051072485384,89.6126708984375,80.52106092554004,3.8204359454780104,3.9293441772460938,1.2304190897311003,83.35016081911314,2.9517905605674315
SOFT,31,79.89051072485384,89.6126708984375,80.52106092554004,3.8204359454780104,3.9293441772460938,1.2304190897311003,83.35016081911314,2.9517905605674315
SOFT,32,79.89051072485384,89.58863830566406,80.52106092554004,3.8204359454780104,3.9053115844726562,1.2304190897311003,83.34215336496021,2.9437831064145
SOFT,33,79.89051072485384,89.58863830566406,80.52106092554004,3.8204359454780104,3.9053115844726562,1.2304190897311003,83.34215336496021,2.9437831064145
SOFT,34,79.89051072485384,89.58863830566406,80.52106092554004,3.8204359454780104,3.9053115844726562,1.2304190897311003,83.34215336496021,2.9437831064145
SOFT,35,79.89051072485384,89.72409057617188,80.52221154947533,3.8204359454780104,4.040763854980469,1.2315697136663886,83.38768692126256,2.9893166627168455
SOFT,36,79.89051072485384,89.72409057617188,80.52221154947533,3.8204359454780104,4.040763854980469,1.2315697136663886,83.38768692126256,2.9893166627168455
SOFT,37,79.89051072485384,89.72409057617188,80.52221154947533,3.8204359454780104,4.040763854980469,1.2315697136663886,83.38768692126256,2.9893166627168455
SOFT,38,79.89051072485384,89.72409057617188,80.52221154947533,3.8204359454780104,4.040763854980469,1.2315697136663886,83.38768692126256,2.9893166627168455
MEDIUM,2,85.50047475947834,88.50936126708984,86.44738655183171,0.0,0.0,0.0,86.83385393827646,0.0
MEDIUM,3,90.07908025521968,92.53192138671875,86.61610978300163,4.578605495741343,4.022560119628906,0.1687232311699205,89.68640972694574,2.852555788669278
MEDIUM,4,89.35609966470979,92.36249542236328,86.69594741318072,3.8556249052314513,3.8531341552734375,0.2485608613490058,89.42836752910084,2.594513590824377
MEDIUM,5,87.91784893898839,91.30677032470703,86.69669655425447,2.4173741795100483,2.7974090576171875,0.24931000242276014,88.6203469457968,1.7864930075203347
MEDIUM,6,89.15801340070544,92.07353210449219,86.94262038932878,3.657538641227106,3.5641708374023438,0.49523383749706795,89.35539738786036,2.521543449583902
MEDIUM,7,89.180551213441,91.95958709716797,87.0095047227966,3.68007645396267,3.450225830078125,0.5621181709648937,89.34795463883134,2.514100700554877
MEDIUM,8,89.03137009513885,91.91069793701172,87.15410052481997,3.5308953356605173,3.401336669921875,0.7067139729882541,89.33483341888753,2.500979480611065
MEDIUM,9,89.25782240205008,92.01019287109375,87.33236782248828,3.7573476425717445,3.5008316040039062,0.8849812706565672,89.50214913137157,2.668295193095105
MEDIUM,10,89.49095707277523,91.90776824951172,87.3861700105629,3.9904823132968943,3.398406982421875,0.9387834587311943,89.5608208797926,2.726966941516139
MEDIUM,11,89.49095707277523,91.90408325195312,87.54315651146793,3.9904823132968943,3.3947219848632812,1.0957699596362147,89.61444298896411,2.7805890506876523
MEDIUM,12,89.47842431115055,91.9363784790039,87.54057062412727,3.9779495516722108,3.4270172119140625,1.093184072295557,89.62032189344728,2.7864679551708207
MEDIUM,13,89.48751834190573,91.9363784790039,87.55525332717278,3.9870435824273898,3.4270172119140625,1.1078667753410656,89.6283385116535,2.7944845733770336
MEDIUM,14,89.4994313853456,91.93392181396484,87.54326410418743,3.9989566258672653,3.424560546875,1.0958775523557165,89.62711241668745,2.7932584784109906
MEDIUM,15,89.58812491599942,91.91991424560547,87.53794047461516,4.087650156521079,3.410552978515625,1.0905539227834424,89.64873792212865,2.8148839838521837
MEDIUM,16,89.59148561723866,92.03063201904297,87.52902075987295,4.091010857760324,3.521270751953125,1.0816342080412369,89.68357839442692,2.8497244561504544
MEDIUM,17,89.5799880161047,91.94774627685547,87.515233688775,4.07951325662637,3.438385009765625,1.0678471369432856,89.64749495207485,2.8136410137983887
MEDIUM,18,89.58460158780511,91.95970916748047,87.51960072803237,4.084126828326774,3.450347900390625,1.07221417620066,89.65447111731179,2.820617179035324
MEDIUM,19,89.58460158780511,91.92472839355469,87.52158498999344,4.084126828326774,3.4153671264648438,1.07419843816173,89.64350910934253,2.809655171066069
MEDIUM,20,89.74679204529257,91.9660415649414,87.52257498640277,4.246317285814229,3.4566802978515625,1.0751884345710607,89.70910204478149,2.875248106505026
MEDIUM,21,89.8898316922814,91.94816589355469,87.65063607602465,4.389356932803068,3.4388046264648438,1.203249524192941,89.79329268856654,2.959438750290076
MEDIUM,22,89.8898316922814,91.95904541015625,87.65204772267884,4.389356932803068,3.4496841430664062,1.2046611708471318,89.79741086921997,2.9635569309435112
MEDIUM,23,89.84270492001396,91.9834976196289,87.64882816604695,4.342230160535621,3.4741363525390625,1.2014416142152413,89.78947445624894,2.955620517972477
MEDIUM,24,89.84270492001396,91.9187240600586,87.64993603635206,4.342230160535621,3.40936279296875,1.2025494845203468,89.76827954243595,2.934425604159486
MEDIUM,25,89.83660715184445,91.93008422851562,87.75182549412655,4.33613239236611,3.4207229614257812,1.304438942294837,89.80572854492041,2.9718746066439508
MEDIUM,26,90.04570755935872,91.9322280883789,87.75844691884778,4.545232799880381,3.4228668212890625,1.3110603670160685,89.87512814815851,3.0412742098820473
MEDIUM,27,89.99382009671231,91.95054626464844,87.75046831683235,4.493345337233976,3.4411849975585938,1.3030817650006412,89.86197403348683,3.028120095210369
MEDIUM,28,90.03907840305259,91.95054626464844,87.7315640817289,4.538603643574248,3.4411849975585938,1.2841775298971925,89.86973474365213,3.035880805375669
MEDIUM,29,90.03907840305259,91.95054626464844,87.73103949730967,4.538603643574248,3.4411849975585938,1.2836529454779537,89.86955145774769,3.0356975194712277
MEDIUM,30,90.03907840305259,91.95054626464844,87.73103949730967,4.538603643574248,3.4411849975585938,1.2836529454779537,89.86955145774769,3.0356975194712277
MEDIUM,31,90.03907840305259,91.95054626464844,87.73103949730967,4.538603643574248,3.4411849975585938,1.2836529454779537,89.86955145774769,3.0356975194712277
MEDIUM,32,90.03907840305259,91.926513671875,87.73103949730967,4.538603643574248,3.4171524047851562,1.2836529454779537,89.86154400359476,3.0276900653182963
MEDIUM,33,90.03907840305259,91.926513671875,87.73103949730967,4.538603643574248,3.4171524047851562,1.2836529454779537,89.86154400359476,3.0276900653182963
MEDIUM,34,90.03907840305259,91.926513671875,87.73103949730967,4.538603643574248,3.4171524047851562,1.2836529454779537,89.86154400359476,3.0276900653182963
MEDIUM,35,90.03907840305259,92.0565185546875,87.73219012124495,4.538603643574248,3.5471572875976562,1.284803569413242,89.90526253695576,3.071408598679298
MEDIUM,36,90.03907840305259,92.0565185546875,87.73219012124495,4.538603643574248,3.5471572875976562,1.284803569413242,89.90526253695576,3.071408598679298
MEDIUM,37,90.03907840305259,92.0565185546875,87.73219012124495,4.538603643574248,3.5471572875976562,1.284803569413242,89.90526253695576,3.071408598679298
MEDIUM,38,90.03907840305259,92.0565185546875,87.73219012124495,4.538603643574248,3.5471572875976562,1.284803569413242,89.90526253695576,3.071408598679298
HARD,2,80.74413535396349,92.26119995117188,83.10726744205893,0.0,0.0,0.0,85.40718349305415,0.0
HARD,3,85.23222486660897,95.71369934082031,83.16470139968504,4.488089512645487,3.4524993896484375,0.057433957626116694,88.00218506109512,2.5950015680409706
HARD,4,83.84466859308785,95.91442108154297,83.18399583842005,3.10053323912436,3.6532211303710938,0.07672839636111917,87.63537262571279,2.228189132658642
HARD,5,82.57953105387608,94.79357147216797,83.17491558455912,1.8353956999125955,2.5323715209960938,0.06764814250018958,86.8571676867888,1.4499841937346503
HARD,6,83.45362391037595,95.30118560791016,82.94773983004433,2.7094885564124667,3.0399856567382812,-0.15952761201459964,87.22437788830052,1.817194395246375
HARD,7,83.13663892692246,95.37467956542969,83.05281443100127,2.3925035729589723,3.1134796142578125,-0.054453011057660206,87.18496163256098,1.777778139506836
HARD,8,82.73119367127835,95.07425689697266,83.16913560817213,1.9870583173148617,2.8130569458007812,0.06186816611320012,86.99681032468808,1.589626831633936
HARD,9,82.76997427404665,95.06983947753906,83.1884445840007,2.02583892008316,2.8086395263671875,0.0811771419417795,87.01439447430397,1.6072109812498212
HARD,10,82.78084466995269,94.96113586425781,83.86792115918253,2.0367093159891994,2.6999359130859375,0.7606537171236027,87.21902987307111,1.8118463800169593
HARD,11,82.77045543713614,94.96113586425781,84.02576037063155,2.0263200831726493,2.6999359130859375,0.9184929285726184,87.27088001409969,1.86369652104554
HARD,12,82.82103001189199,94.96113586425781,84.01500381414557,2.0768946579285057,2.6999359130859375,0.9077363720866458,87.2831749312803,1.8759914382261513
HARD,13,82.72168933937108,94.948486328125,84.00608332358446,1.9775539854075959,2.687286376953125,0.898815881525536,87.24431114397541,1.8371276509212606
HARD,14,82.71222836136081,95.096435546875,84.0256575390032,1.9680930073973286,2.835235595703125,0.9183900969442789,87.29744257701702,1.8902590839628743
HARD,15,82.84617700980704,95.07808685302734,83.98833524941736,2.10204165584355,2.8168869018554688,0.8810678073584342,87.32080625975978,1.913622766705629
HARD,16,82.84617700980704,95.12814331054688,83.97552250726216,2.10204165584355,2.866943359375,0.868255065203229,87.3330079657809,1.9258244727267453
HARD,17,82.85722385899089,95.00874328613281,83.94965074067622,2.113088505027406,2.7475433349609375,0.8423832986172926,87.2876919430569,1.8805084500027505
HARD,18,82.91131016731113,95.02232360839844,83.94395226861056,2.1671748133476427,2.7611236572265625,0.8366848265516325,87.30739364487064,1.9002101518164949
HARD,19,82.95197333772326,95.1587905883789,83.94743939309907,2.2078379837597737,2.8975906372070312,0.8401719510401477,87.36698878973576,1.9598052966816084
HARD,20,83.01919810769022,95.16801452636719,83.97816359787,2.275062753726729,2.9068145751953125,0.8708961558110673,87.40213515237231,1.9949516593181613
HARD,21,83.02249258294196,95.20144653320312,83.99059282621482,2.2783572289784786,2.94024658203125,0.8833253841558957,87.4186628100846,2.0114793170304495
HARD,22,83.02249258294196,95.20355224609375,83.98743650460217,2.2783572289784786,2.942352294921875,0.8801690625432457,87.41826162023511,2.0110781271809657
HARD,23,82.99380786066928,95.42784881591797,83.98516045923144,2.2496725067057923,3.1666488647460938,0.8778930171725108,87.48309509434242,2.0759116012882686
HARD,24,83.12238745680085,95.41854858398438,83.99322666579162,2.378252102837365,3.1573486328125,0.8859592237326979,87.52362782795961,2.1164443349054665
HARD,25,83.20983914464406,95.41854858398438,83.9940182546303,2.4657037906805783,3.1573486328125,0.8867508125713783,87.55166296644387,2.1444794733897226
HARD,26,83.51587994997001,95.39051055908203,84.00105180154151,2.7717445960065277,3.1293106079101562,0.8937843594825807,87.6419206479132,2.2347371548590473
HARD,27,83.51587994997001,95.37814331054688,83.98927635080719,2.7717445960065277,3.116943359375,0.8820089087482614,87.63368573145547,2.2265022384013236
HARD,28,83.51587994997001,95.37814331054688,83.98522591410949,2.7717445960065277,3.116943359375,0.8779584720505653,87.63227053892156,2.2250870458674115
HARD,29,83.51587994997001,95.37814331054688,83.9804415401994,2.7717445960065277,3.116943359375,0.873174098140467,87.63059891417035,2.2234154211162007
HARD,30,83.51587994997001,95.37814331054688,83.9804415401994,2.7717445960065277,3.116943359375,0.873174098140467,87.63059891417035,2.2234154211162007
HARD,31,83.51587994997001,95.37814331054688,83.9804415401994,2.7717445960065277,3.116943359375,0.873174098140467,87.63059891417035,2.2234154211162007
HARD,32,83.51587994997001,95.35718536376953,83.9804415401994,2.7717445960065277,3.0959854125976562,0.873174098140467,87.62361590573921,2.216432412685066
HARD,33,83.51587994997001,95.35718536376953,83.9804415401994,2.7717445960065277,3.0959854125976562,0.873174098140467,87.62361590573921,2.216432412685066
HARD,34,83.51587994997001,95.35718536376953,83.9804415401994,2.7717445960065277,3.0959854125976562,0.873174098140467,87.62361590573921,2.216432412685066
HARD,35,83.51587994997001,95.48719024658203,83.98159216413467,2.7717445960065277,3.2259902954101562,0.8743247220757411,87.66733443910022,2.2601509460460676
HARD,36,83.51587994997001,95.48719024658203,83.98159216413467,2.7717445960065277,3.2259902954101562,0.8743247220757411,87.66733443910022,2.2601509460460676
HARD,37,83.51587994997001,95.48719024658203,83.98159216413467,2.7717445960065277,3.2259902954101562,0.8743247220757411,87.66733443910022,2.2601509460460676
HARD,38,83.51587994997001,95.48719024658203,83.98159216413467,2.7717445960065277,3.2259902954101562,0.8743247220757411,87.66733443910022,2.2601509460460676
